Company Name,Industry,Symbol,Series,ISIN Code,Exchange
20 Microns Limited,,20MICRONS,EQ,INE144J01027,NSE
21st Century Management Services Limited,,21STCENMGM,EQ,INE253B01015,NSE
360 ONE WAM LIMITED,Financial Services,360ONE,EQ,INE466L01038,NSE
3B Blackbio Dx Limited,,3BBLACKBIO,EQ,INE994E01018,NSE
3M India Limited,Diversified,3MINDIA,EQ,INE470A01017,NSE
3P Land Holdings Limited,,3PLAND,EQ,INE105C01023,NSE
5Paisa Capital Limited,,5PAISA,EQ,INE618L01018,NSE
63 moons technologies limited,,63MOONS,EQ,INE111B01023,NSE
A2Z Infra Engineering Limited,,A2ZINFRA,EQ,INE619I01012,NSE
AAA Technologies Limited,,AAATECH,EQ,INE0D0U01013,NSE
Aadhar Housing Finance Limited,Financial Services,AADHARHFC,EQ,INE883F01010,NSE
Aakash Exploration Services Limited,,AAKASH,EQ,INE087Z01024,NSE
Aarnav Fashions Limited,,AARNAV,EQ,INE750R01016,NSE
Aaron Industries Limited,,AARON,EQ,INE721Z01010,NSE
Aarti Drugs Limited,,AARTIDRUGS,EQ,INE767A01016,NSE
Aarti Industries Limited,Chemicals,AARTIIND,EQ,INE769A01020,NSE
Aarti Pharmalabs Limited,,AARTIPHARM,EQ,INE0LRU01027,NSE
Aarti Surfactants Limited,,AARTISURF,EQ,INE09EO01013,NSE
Aarvi Encon Limited,,AARVI,EQ,INE754X01016,NSE
Aastha Spintex Limited,,AASTHA,EQ,INE2FMX01012,NSE
Aavas Financiers Limited,Financial Services,AAVAS,EQ,INE216P01012,NSE
Abans Enterprises Limited,,ABANSENT,EQ,INE365O01028,NSE
ABB India Limited,Capital Goods,ABB,EQ,INE117A01022,NSE
Abbott India Limited,Healthcare,ABBOTINDIA,EQ,INE358A01014,NSE
Aditya Birla Capital Limited,Financial Services,ABCAPITAL,EQ,INE674K01013,NSE
A B Cotspin India Limited,,ABCOTS,EQ,INE08PH01015,NSE
Allied Blenders and Distillers Limited,Fast Moving Consumer Goods,ABDL,EQ,INE552Z01027,NSE
Aditya Birla Fashion and Retail Limited,Consumer Services,ABFRL,EQ,INE647O01011,NSE
A B Infrabuild Limited,,ABINFRA,EQ,INE00YB01025,NSE
Aditya Birla Lifestyle Brands Limited,Consumer Services,ABLBL,EQ,INE14LE01019,NSE
ABM International Limited,,ABMINTLLTD,EQ,INE251C01025,NSE
ABM Knowledgeware Limited,,ABMKNO,EQ,INE850B01026,NSE
Aditya Birla Real Estate Limited,Realty,ABREL,EQ,INE055A01016,NSE
Aditya Birla Sun Life AMC Limited,Financial Services,ABSLAMC,EQ,INE404A01024,NSE
ACC Limited,Construction Materials,ACC,EQ,INE012A01025,NSE
Accelya Solutions India Limited,,ACCELYA,EQ,INE793A01012,NSE
Action Construction Equipment Limited,Capital Goods,ACE,EQ,INE731H01025,NSE
Ace Integrated Solutions Limited,,ACEINTEG,EQ,INE543V01017,NSE
Archean Chemical Industries Limited,,ACI,EQ,INE128X01021,NSE
Andhra Cements Limited,,ACL,EQ,INE666E01020,NSE
Acme Solar Holdings Limited,Power,ACMESOLAR,EQ,INE622W01025,NSE
ACS Technologies Limited,,ACSTECH,EQ,INE366C01021,NSE
Acutaas Chemicals Limited,Healthcare,ACUTAAS,EQ,INE00FF01025,NSE
Adani Energy Solutions Limited,Power,ADANIENSOL,EQ,INE931S01010,NSE
Adani Enterprises Limited,Metals & Mining,ADANIENT,EQ,INE423A01024,NSE
Adani Green Energy Limited,Power,ADANIGREEN,EQ,INE364U01010,NSE
Adani Ports and Special Economic Zone Limited,Services,ADANIPORTS,EQ,INE742F01042,NSE
Adani Power Limited,Power,ADANIPOWER,EQ,INE814H01029,NSE
ADF Foods Limited,,ADFFOODS,EQ,INE982B01027,NSE
Archidply Decor Limited,,ADL,EQ,INE0CHO01012,NSE
Ador Welding Limited,,ADOR,EQ,INE045A01017,NSE
Adroit Infotech Limited,,ADROITINFO,EQ,INE737B01033,NSE
Allied Digital Services Limited,,ADSL,EQ,INE102I01027,NSE
Advait Energy Transitions Limited,,ADVAIT,EQ,INE0ALI01010,NSE
Advance Agrolife Limited,,ADVANCE,EQ,INE1B0W01010,NSE
Advani Hotels & Resorts (India) Limited,,ADVANIHOTR,EQ,INE199C01026,NSE
Advent Hotels International Limited,,ADVENTHTL,EQ,INE28GN01010,NSE
Advanced Enzyme Technologies Limited,,ADVENZYMES,EQ,INE837H01020,NSE
Aegis Logistics Limited,Oil Gas & Consumable Fuels,AEGISLOG,EQ,INE208C01025,NSE
Aegis Vopak Terminals Limited,Oil Gas & Consumable Fuels,AEGISVOPAK,EQ,INE0INX01018,NSE
Artemis Electricals and Projects Limited,,AEPL,EQ,INE757T01025,NSE
Aequs Limited,,AEQUS,EQ,INE947N01017,NSE
Aeroflex Enterprises Limited,,AEROENTER,EQ,INE065D01027,NSE
Aeroflex Industries Limited,,AEROFLEX,EQ,INE024001021,NSE
Aeroflex Neu Limited,,AERONEU,EQ,INE035801013,NSE
Amir Chand Jagdish Kumar (Exports) Limited,,AEROPLANE,EQ,INE05TO01019,NSE
Aether Industries Limited,,AETHER,EQ,INE0BWX01014,NSE
Afcons Infrastructure Limited,Construction,AFCONS,EQ,INE101I01011,NSE
Affle 3i Limited,Information Technology,AFFLE,EQ,INE00WC01027,NSE
Akme Fintrade (India) Limited,,AFIL,EQ,INE916Y01027,NSE
Abans Financial Services Limited,,AFSL,EQ,INE00ZE01026,NSE
Agarwal Industrial Corporation Limited,,AGARIND,EQ,INE204E01012,NSE
Dr. Agarwal's Health Care Limited,,AGARWALEYE,EQ,INE943P01029,NSE
AGI Greenpac Limited,,AGI,EQ,INE415A01038,NSE
Agi Infra Limited,,AGIIL,EQ,INE976R01033,NSE
Allcargo Global Limited,,AGL,EQ,INE1YPB01014,NSE
Agri-Tech (India) Limited,,AGRITECH,EQ,INE449G01018,NSE
Agro Phos India Limited,,AGROPHOS,EQ,INE740V01019,NSE
Anlon Healthcare Limited,,AHCL,EQ,INE0Y8W01025,NSE
Ahlada Engineers Limited,,AHLADA,EQ,INE00PV01013,NSE
Asian Hotels (East) Limited,,AHLEAST,EQ,INE926K01017,NSE
Ahluwalia Contracts (India) Limited,,AHLUCONT,EQ,INE758C01029,NSE
AIA Engineering Limited,Capital Goods,AIAENG,EQ,INE212H01026,NSE
Authum Investment & Infrastructure Limited,Financial Services,AIIL,EQ,INE206F01022,NSE
Airan Limited,,AIRAN,EQ,INE645W01026,NSE
Airo Lam limited,,AIROLAM,EQ,INE801L01010,NSE
Ajanta Pharma Limited,Healthcare,AJANTPHARM,EQ,INE031B01049,NSE
Ajax Engineering Limited,,AJAXENGG,EQ,INE274Y01021,NSE
Ajmera Realty & Infra India Limited,,AJMERA,EQ,INE298G01035,NSE
Ajooni Biotech Limited,,AJOONI,EQ,INE820Y01021,NSE
Akash Infra-Projects Limited,,AKASH,EQ,INE737W01013,NSE
AK Capital Services Limited,,AKCAPIT,EQ,INE701G01012,NSE
Akg Exim Limited,,AKG,EQ,INE00Y801016,NSE
AKI India Limited,,AKI,EQ,INE642Z01026,NSE
Akshar Spintex Limited,,AKSHAR,EQ,INE256Z01025,NSE
Akums Drugs and Pharmaceuticals Limited,,AKUMS,EQ,INE09XN01023,NSE
Alankit Limited,,ALANKIT,EQ,INE914E01040,NSE
Albert David Limited,,ALBERTDAVD,EQ,INE155C01010,NSE
Alembic Limited,,ALEMBICLTD,EQ,INE426A01027,NSE
Algoquant Fintech Limited,,ALGOQUANT,EQ,INE598D01035,NSE
Alicon Castalloy Limited,,ALICON,EQ,INE062D01024,NSE
Alivus Life Sciences Limited,,ALIVUS,EQ,INE03Q201024,NSE
Alkem Laboratories Limited,Healthcare,ALKEM,EQ,INE540L01014,NSE
Alkyl Amines Chemicals Limited,,ALKYLAMINE,EQ,INE150B01039,NSE
Allcargo Logistics Limited,,ALLCARGO,EQ,INE418H01029,NSE
Alldigi Tech Limited,,ALLDIGI,EQ,INE835G01018,NSE
All Time Plastics Limited,,ALLTIME,EQ,INE0GV601021,NSE
Almondz Global Securities Limited,,ALMONDZ,EQ,INE326B01035,NSE
Alok Industries Limited,,ALOKINDS,EQ,INE270A01029,NSE
Alpa Laboratories Limited,,ALPA,EQ,INE385I01010,NSE
Alphageo (India) Limited,,ALPHAGEO,EQ,INE137C01018,NSE
Alpine Texworld Limited,,ALPINETEX,EQ,INE1JCQ01037,NSE
Amagi Media Labs Limited,,AMAGI,EQ,INE121R01077,NSE
Ambalal Sarabhai Enterprises Limited,,AMBALALSA,EQ,INE432A01017,NSE
Amber Enterprises India Limited,Consumer Durables,AMBER,EQ,INE371P01015,NSE
Ambica Agarbathies & Aroma industries Limited,,AMBICAAGAR,EQ,INE792B01012,NSE
Ambika Cotton Mills Limited,,AMBIKCO,EQ,INE540G01014,NSE
Ambuja Cements Limited,Construction Materials,AMBUJACEM,EQ,INE079A01024,NSE
AMD Industries Limited,,AMDIND,EQ,INE005I01014,NSE
Amj Land Holdings Limited,,AMJLAND,EQ,INE606A01024,NSE
Amines & Plasticizers Limited,,AMNPLST,EQ,INE275D01022,NSE
Amrutanjan Health Care Limited,,AMRUTANJAN,EQ,INE098F01031,NSE
Anand Rathi Wealth Limited,Financial Services,ANANDRATHI,EQ,INE463V01026,NSE
Anant Raj Limited,Realty,ANANTRAJ,EQ,INE242C01024,NSE
ANDHRA PAPER LIMITED,,ANDHRAPAP,EQ,INE435A01051,NSE
The Andhra Sugars Limited,,ANDHRSUGAR,EQ,INE715B01021,NSE
Angel One Limited,Financial Services,ANGELONE,EQ,INE732I01021,NSE
Anik Industries Limited,,ANIKINDS,EQ,INE087B01017,NSE
Anmol India Limited,,ANMOL,EQ,INE02AR01019,NSE
Annapurna Swadisht Limited,,ANNAPURNA,EQ,INE0MGM01017,NSE
Antelopus Selan Energy Limited,,ANTELOPUS,EQ,INE818A01017,NSE
Antarctica Limited,,ANTGRAPHIC,EQ,INE414B01021,NSE
Anthem Biosciences Limited,Healthcare,ANTHEM,EQ,INE0CZ201020,NSE
Anuh Pharma Limited,,ANUHPHR,EQ,INE489G01022,NSE
The Anup Engineering Limited,,ANUP,EQ,INE294Z01018,NSE
Anupam Rasayan India Limited,Chemicals,ANURAS,EQ,INE930P01018,NSE
Apar Industries Limited,Capital Goods,APARINDS,EQ,INE372A01015,NSE
Anjani Portland Cement Limited,,APCL,EQ,INE071F01012,NSE
Apcotex Industries Limited,,APCOTEXIND,EQ,INE116A01032,NSE
Apex Frozen Foods Limited,,APEX,EQ,INE346W01013,NSE
APL Apollo Tubes Limited,Capital Goods,APLAPOLLO,EQ,INE702C01027,NSE
Alembic Pharmaceuticals Limited,,APLLTD,EQ,INE901L01018,NSE
Apollo Micro Systems Limited,,APOLLO,EQ,INE713T01028,NSE
Apollo Hospitals Enterprise Limited,Healthcare,APOLLOHOSP,EQ,INE437A01024,NSE
Apollo Pipes Limited,,APOLLOPIPE,EQ,INE126J01016,NSE
Apollo Tyres Limited,Automobile and Auto Components,APOLLOTYRE,EQ,INE438A01022,NSE
Apollo Sindoori Hotels Limited,,APOLSINHOT,EQ,INE451F01024,NSE
Aptus Value Housing Finance India Limited,Financial Services,APTUS,EQ,INE852O01025,NSE
Aqylon Nexus Limited,,AQYLON,EQ,INE416A01051,NSE
Archidply Industries Limited,,ARCHIDPLY,EQ,INE877I01016,NSE
Archies Limited,,ARCHIES,EQ,INE731A01020,NSE
Ardee Industries Limited,,ARDEE,EQ,INE0XNF01022,NSE
Amara Raja Energy & Mobility Limited,Automobile and Auto Components,ARE&M,EQ,INE885A01032,NSE
Rajdarshan Industries Limited,,ARENTERP,EQ,INE610C01014,NSE
Arfin India Limited,,ARFIN,EQ,INE784R01023,NSE
Aries Agro Limited,,ARIES,EQ,INE298I01015,NSE
Arihant Foundations & Housing Limited,,ARIHANT,EQ,INE413D01011,NSE
Arihant Capital Markets Limited,,ARIHANTCAP,EQ,INE420B01036,NSE
Arihant Superstructures Limited,,ARIHANTSUP,EQ,INE643K01018,NSE
Arisinfra Solutions Limited,,ARIS,EQ,INE0H9P01028,NSE
Arkade Developers Limited,,ARKADE,EQ,INE0QRL01017,NSE
Arman Financial Services Limited,,ARMANFIN,EQ,INE109C01017,NSE
Aro Granite Industries Limited,,AROGRANITE,EQ,INE210C01013,NSE
Anand Rathi Share and Stock Brokers Limited,,ARSSBL,EQ,INE549H01021,NSE
Artemis Medicare Services Limited,,ARTEMISMED,EQ,INE025R01021,NSE
Art Nirman Limited,,ARTNIRMAN,EQ,INE738V01013,NSE
Arvee Laboratories (India) Limited,,ARVEE,EQ,INE006Z01016,NSE
Arvind Limited,,ARVIND,EQ,INE034A01011,NSE
Arvind Fashions Limited,,ARVINDFASN,EQ,INE955V01021,NSE
Arvind SmartSpaces Limited,,ARVSMART,EQ,INE034S01021,NSE
Asahi India Glass Limited,Automobile and Auto Components,ASAHIINDIA,EQ,INE439A01020,NSE
Automotive Stampings and Assemblies Limited,,ASAL,EQ,INE900C01027,NSE
Associated Alcohols & Breweries Ltd.,,ASALCBR,EQ,INE073G01016,NSE
Ashapura Minechem Limited,,ASHAPURMIN,EQ,INE348A01023,NSE
Ashiana Housing Limited,,ASHIANA,EQ,INE365D01021,NSE
Ashima Limited,,ASHIMASYN,EQ,INE440A01010,NSE
Ashoka Buildcon Limited,,ASHOKA,EQ,INE442H01029,NSE
Ashoka Metcast Limited,,ASHOKAMET,EQ,INE760Y01011,NSE
Ashok Leyland Limited,Capital Goods,ASHOKLEY,EQ,INE208A01029,NSE
Asian Energy Services Limited,,ASIANENE,EQ,INE276G01015,NSE
Asian Hotels (North) Limited,,ASIANHOTNR,EQ,INE363A01022,NSE
Asian Paints Limited,Consumer Durables,ASIANPAINT,EQ,INE021A01026,NSE
Asian Granito India Limited,,ASIANTILES,EQ,INE022I01019,NSE
ASK Automotive Limited,,ASKAUTOLTD,EQ,INE491J01022,NSE
Aspinwall and Company Limited,,ASPINWALL,EQ,INE991I01015,NSE
Asian Star Company Limited,,ASTAR,EQ,INE194D01017,NSE
Astec LifeSciences Limited,,ASTEC,EQ,INE563J01010,NSE
Aster DM Quality Care Limited,Healthcare,ASTERDM,EQ,INE914M01019,NSE
Astral Limited,Capital Goods,ASTRAL,EQ,INE006I01046,NSE
Astra Microwave Products Limited,,ASTRAMICRO,EQ,INE386C01029,NSE
AstraZeneca Pharma India Limited,,ASTRAZEN,EQ,INE203A01020,NSE
Atal Realtech Limited,,ATALREAL,EQ,INE0ALR01029,NSE
Atam Valves Limited,,ATAM,EQ,INE09KD01013,NSE
Adani Total Gas Limited,Oil Gas & Consumable Fuels,ATGL,EQ,INE399L01023,NSE
Ather Energy Limited,Automobile and Auto Components,ATHERENERG,EQ,INE0LEZ01016,NSE
Allcargo Terminals Limited,,ATL,EQ,INE0NN701020,NSE
ATLANTAA LIMITED,,ATLANTAA,EQ,INE285H01022,NSE
Atlanta Electricals Limited,,ATLANTAELE,EQ,INE0Z4F01028,NSE
Atlas Cycles (Haryana) Limited,,ATLASCYCLE,EQ,INE446A01025,NSE
Atul Limited,Chemicals,ATUL,EQ,INE100A01010,NSE
Atul Auto Limited,,ATULAUTO,EQ,INE951D01028,NSE
AU Small Finance Bank Limited,Financial Services,AUBANK,EQ,INE949L01017,NSE
Aurionpro Solutions Limited,,AURIONPRO,EQ,INE132H01018,NSE
Aurobindo Pharma Limited,Healthcare,AUROPHARMA,EQ,INE406A01037,NSE
Aurum PropTech Limited,,AURUM,EQ,INE898S01029,NSE
AURUS GEM CORPORATION LIMITED,,AURUS,EQ,INE142K01011,NSE
Ausom Enterprise Limited,,AUSOMENT,EQ,INE218C01016,NSE
Automotive Axles Limited,,AUTOAXLES,EQ,INE449A01011,NSE
Avadh Sugar & Energy Limited,,AVADHSUGAR,EQ,INE349W01017,NSE
Avalon Technologies Limited,,AVALON,EQ,INE0LCL01028,NSE
Avantel Limited,,AVANTEL,EQ,INE005B01027,NSE
Avanti Feeds Limited,,AVANTIFEED,EQ,INE871C01038,NSE
Aditya Vision Limited,,AVL,EQ,INE679V01027,NSE
Avonmore Capital & Management Services Limited,,AVONMORE,EQ,INE323B01024,NSE
AVRO INDIA LIMITED,,AVROIND,EQ,INE652Z01025,NSE
AVT Natural Products Limited,,AVTNPL,EQ,INE488D01021,NSE
Awfis Space Solutions Limited,,AWFIS,EQ,INE108V01019,NSE
Antony Waste Handling Cell Limited,,AWHCL,EQ,INE01BK01022,NSE
AWL Agri Business Limited,Fast Moving Consumer Goods,AWL,EQ,INE699H01024,NSE
Axis Bank Limited,Financial Services,AXISBANK,EQ,INE238A01034,NSE
AXISCADES Technologies Limited,,AXISCADES,EQ,INE555B01013,NSE
Axita Cotton Limited,,AXITA,EQ,INE02EZ01022,NSE
Aye Finance Limited,,AYE,EQ,INE501X01029,NSE
AYM Syntex Limited,,AYMSYNTEX,EQ,INE193B01039,NSE
Azad Engineering Limited,,AZAD,EQ,INE02IJ01035,NSE
B.A.G Films and Media Limited,,BAGFILMS,EQ,INE116D01028,NSE
Baid Finserv Limited,,BAIDFIN,EQ,INE020D01022,NSE
Bajaj Auto Limited,Automobile and Auto Components,BAJAJ-AUTO,EQ,INE917I01010,NSE
Bajaj Consumer Care Limited,,BAJAJCON,EQ,INE933K01021,NSE
Bajaj Electricals Limited,,BAJAJELEC,EQ,INE193E01025,NSE
Bajaj Finserv Limited,Financial Services,BAJAJFINSV,EQ,INE918I01026,NSE
Bajaj Healthcare Limited,,BAJAJHCARE,EQ,INE411U01027,NSE
Bajaj Housing Finance Limited,Financial Services,BAJAJHFL,EQ,INE377Y01014,NSE
Bajaj Hindusthan Sugar Limited,,BAJAJHIND,EQ,INE306A01021,NSE
Bajaj Holdings & Investment Limited,Financial Services,BAJAJHLDNG,EQ,INE118A01012,NSE
Indef Manufacturing Limited,,BAJAJINDEF,EQ,INE0O9T01021,NSE
Bajaj Steel Industries Limited,,BAJAJST,EQ,INE704G01024,NSE
Bajel Projects Limited,,BAJEL,EQ,INE0KQN01018,NSE
Bajaj Finance Limited,Financial Services,BAJFINANCE,EQ,INE296A01032,NSE
Shree Tirupati Balajee Agro Trading Company Limited,,BALAJEE,EQ,INE0S2G01011,NSE
Balaji Telefilms Limited,,BALAJITELE,EQ,INE794B01026,NSE
Balaji Amines Limited,,BALAMINES,EQ,INE050E01027,NSE
BALAXI PHARMACEUTICALS LIMITED,,BALAXI,EQ,INE618N01022,NSE
Balkrishna Paper Mills Limited,,BALKRISHNA,EQ,INE875R01011,NSE
Balkrishna Industries Limited,Automobile and Auto Components,BALKRISIND,EQ,INE787D01026,NSE
Balmer Lawrie & Company Limited,,BALMLAWRIE,EQ,INE164A01016,NSE
Bal Pharma Limited,,BALPHARMA,EQ,INE083D01012,NSE
Balrampur Chini Mills Limited,Fast Moving Consumer Goods,BALRAMCHIN,EQ,INE119A01028,NSE
Balu Forge Industries Limited,,BALUFORGE,EQ,INE011E01029,NSE
Banaras Beads Limited,,BANARBEADS,EQ,INE655B01011,NSE
Bannari Amman Sugars Limited,,BANARISUG,EQ,INE459A01010,NSE
Banco Products (I) Limited,,BANCOINDIA,EQ,INE213C01025,NSE
Bandhan Bank Limited,Financial Services,BANDHANBNK,EQ,INE545U01014,NSE
Bang Overseas Limited,,BANG,EQ,INE863I01016,NSE
Banka BioLoo Limited,,BANKA,EQ,INE862Y01015,NSE
Bank of Baroda,Financial Services,BANKBARODA,EQ,INE028A01039,NSE
Bank of India,Financial Services,BANKINDIA,EQ,INE084A01016,NSE
Bansal Wire Industries Limited,,BANSALWIRE,EQ,INE0B9K01025,NSE
Banswara Syntex Limited,,BANSWRAS,EQ,INE629D01020,NSE
BASF India Limited,,BASF,EQ,INE373A01013,NSE
Bata India Limited,Consumer Durables,BATAINDIA,EQ,INE176A01028,NSE
Batliboi Limited,,BATLIBOI,EQ,INE177C01022,NSE
Bayer Cropscience Limited,Chemicals,BAYERCROP,EQ,INE462A01022,NSE
Bharat Bijlee Limited,,BBL,EQ,INE464A01036,NSE
Black Box Limited,,BBOX,EQ,INE676A01027,NSE
The Bombay Burmah Trading Corporation Limited,Fast Moving Consumer Goods,BBTC,EQ,INE050A01025,NSE
B&B Triplewall Containers Limited,,BBTCL,EQ,INE01EE01011,NSE
Brightcom Group Limited,,BCG,EQ,INE425B01027,NSE
Bcl Industries Limited,,BCLIND,EQ,INE412G01024,NSE
Brand Concepts Limited,,BCONCEPTS,EQ,INE977Y01011,NSE
BCPL Railway Infrastructure Limited,,BCPL,EQ,INE00SW01015,NSE
Bharat Dynamics Limited,Capital Goods,BDL,EQ,INE171Z01026,NSE
Beardsell Limited,,BEARDSELL,EQ,INE520H01022,NSE
Mrs. Bectors Food Specialities Limited,,BECTORFOOD,EQ,INE495P01020,NSE
Bedmutha Industries Limited,,BEDMUTHA,EQ,INE844K01012,NSE
Beekay Steel Industries Limited,,BEEKAY,EQ,INE213D01015,NSE
Bharat Electronics Limited,Capital Goods,BEL,EQ,INE263A01024,NSE
Bella Casa Fashion & Retail Limited,,BELLACASA,EQ,INE344T01014,NSE
Belrise Industries Limited,Automobile and Auto Components,BELRISE,EQ,INE894V01022,NSE
BEML Limited,Capital Goods,BEML,EQ,INE258A01024,NSE
Bengal & Assam Company Limited,,BENGALASM,EQ,INE083K01017,NSE
Bhansali Engineering Polymers Limited,,BEPL,EQ,INE922A01025,NSE
Berger Paints (I) Limited,Consumer Durables,BERGEPAINT,EQ,INE463A01038,NSE
Best Agrolife Limited,,BESTAGRO,EQ,INE052T01021,NSE
Beta Drugs Limited,,BETA,EQ,INE351Y01019,NSE
BF Investment Limited,,BFINVEST,EQ,INE878K01010,NSE
BF Utilities Limited,,BFUTILITIE,EQ,INE243D01012,NSE
Bhagiradha Chemicals & Industries Limited,,BHAGCHEM,EQ,INE414D01027,NSE
Bhagyanagar India Limited,,BHAGYANGR,EQ,INE458B01036,NSE
Bharat Coking Coal Limited,,BHARATCOAL,EQ,INE05XR01022,NSE
Bharat Forge Limited,Automobile and Auto Components,BHARATFORG,EQ,INE465A01025,NSE
Bharat Rasayan Limited,,BHARATRAS,EQ,INE838B01021,NSE
Bharat Seats Limited,,BHARATSE,EQ,INE415D01024,NSE
Bharat Wire Ropes Limited,,BHARATWIRE,EQ,INE316L01019,NSE
Bharti Airtel Limited,Telecommunication,BHARTIARTL,EQ,INE397D01024,NSE
Bharti Hexacom Limited,Telecommunication,BHARTIHEXA,EQ,INE343G01021,NSE
Bharat Heavy Electricals Limited,Capital Goods,BHEL,EQ,INE257A01026,NSE
Bilcare Limited,,BI,EQ,INE986A01012,NSE
Bigbloc Construction Limited,,BIGBLOC,EQ,INE412U01025,NSE
Bikaji Foods International Limited,Fast Moving Consumer Goods,BIKAJI,EQ,INE00E101023,NSE
Bhartiya International Limited,,BIL,EQ,INE828A01016,NSE
Bimetal Bearings Limited,,BIMETAL,EQ,INE469A01019,NSE
Biocon Limited,Healthcare,BIOCON,EQ,INE376G01013,NSE
Biofil Chemicals & Pharmaceuticals Limited,,BIOFILCHEM,EQ,INE829A01014,NSE
Birla Corporation Limited,,BIRLACORPN,EQ,INE340A01012,NSE
Aditya Birla Money Limited,,BIRLAMONEY,EQ,INE865C01022,NSE
BirlaNu Limited,,BIRLANU,EQ,INE557A01011,NSE
Birla Precision Technologies Limited,,BIRLAPREC,EQ,INE372E01025,NSE
BLACKBUCK LIMITED,,BLACKBUCK,EQ,INE0UIZ01018,NSE
BEML Land Assets Limited,,BLAL,EQ,INE0N7W01012,NSE
BLB Limited,,BLBLIMITED,EQ,INE791A01024,NSE
Balmer Lawrie Investments Limited,,BLIL,EQ,INE525F01025,NSE
B. L. Kashyap and Sons Limited,,BLKASHYAP,EQ,INE350H01032,NSE
BLS International Services Limited,Consumer Services,BLS,EQ,INE153T01027,NSE
BLS E-Services Limited,,BLSE,EQ,INE0NLT01010,NSE
Blue Chip India Limited,,BLUECHIP,EQ,INE657B01025,NSE
Blue Dart Express Limited,Services,BLUEDART,EQ,INE233B01017,NSE
Blue Jet Healthcare Limited,Healthcare,BLUEJET,EQ,INE0KBH01020,NSE
Blue Star Limited,Consumer Durables,BLUESTARCO,EQ,INE472A01039,NSE
BlueStone Jewellery and Lifestyle Limited,,BLUESTONE,EQ,INE304W01038,NSE
Bluspring Enterprises Limited,,BLUSPRING,EQ,INE0U4101014,NSE
BMW Ventures Limited,,BMWVENTLTD,EQ,INE965W01036,NSE
BN Agrochem Limited,,BNAGROCHEM,EQ,INE00HZ01011,NSE
Bohra Industries Limited,,BOHRAIND,EQ,INE802W01023,NSE
Bombay Dyeing & Mfg Company Limited,,BOMDYEING,EQ,INE032A01023,NSE
Bonlon Industries Limited,,BONLON,EQ,INE0B9A01018,NSE
Borana Weaves Limited,,BORANA,EQ,INE16SF01016,NSE
Borosil Limited,,BOROLTD,EQ,INE02PY01013,NSE
BOROSIL RENEWABLES LIMITED,,BORORENEW,EQ,INE666D01022,NSE
Borosil Scientific Limited,,BOROSCI,EQ,INE02L001032,NSE
BOSCH HOME COMFORT INDIA LIMITED,,BOSCH-HCIL,EQ,INE782A01015,NSE
Bosch Limited,Automobile and Auto Components,BOSCHLTD,EQ,INE323A01026,NSE
Bharat Petroleum Corporation Limited,Oil Gas & Consumable Fuels,BPCL,EQ,INE029A01011,NSE
BPL Limited,,BPL,EQ,INE110A01019,NSE
Brigade Enterprises Limited,Realty,BRIGADE,EQ,INE791I01019,NSE
Brigade Hotel Ventures Limited,,BRIGHOTEL,EQ,INE03NU01014,NSE
Britannia Industries Limited,Fast Moving Consumer Goods,BRITANNIA,EQ,INE216A01030,NSE
Bharat Road Network Limited,,BRNL,EQ,INE727S01012,NSE
BSE Limited,Financial Services,BSE,EQ,INE118H01025,NSE
BSL Limited,,BSL,EQ,INE594B01012,NSE
BIRLASOFT LIMITED,Information Technology,BSOFT,EQ,INE836A01035,NSE
Bodhi Tree Multimedia Limited,,BTML,EQ,INE0EEJ01023,NSE
Shankara Buildpro Limited,,BUILDPRO,EQ,INE24OJ01011,NSE
Butterfly Gandhimathi Appliances Limited,,BUTTERFLY,EQ,INE295F01017,NSE
Barak Valley Cements Limited,,BVCL,EQ,INE139I01011,NSE
Camlin Fine Sciences Limited,,CAMLINFINE,EQ,INE052I01032,NSE
Campus Activewear Limited,,CAMPUS,EQ,INE278Y01022,NSE
Computer Age Management Services Limited,Financial Services,CAMS,EQ,INE596I01020,NSE
Canara Bank,Financial Services,CANBK,EQ,INE476A01022,NSE
Can Fin Homes Limited,Financial Services,CANFINHOME,EQ,INE477A01020,NSE
Canara HSBC Life Insurance Company Limited,Financial Services,CANHLIFE,EQ,INE01TY01017,NSE
Cantabil Retail India Limited,,CANTABIL,EQ,INE068L01024,NSE
Capacit'e Infraprojects Limited,,CAPACITE,EQ,INE264T01014,NSE
Capillary Technologies India Limited,,CAPILLARY,EQ,INE0ILV01024,NSE
Capital Small Finance Bank Limited,,CAPITALSFB,EQ,INE646H01017,NSE
Caplin Point Laboratories Limited,Healthcare,CAPLIPOINT,EQ,INE475E01026,NSE
Carborundum Universal Limited,Capital Goods,CARBORUNIV,EQ,INE120A01034,NSE
CARE Ratings Limited,,CARERATING,EQ,INE752H01013,NSE
Carraro India Limited,,CARRARO,EQ,INE0V7W01012,NSE
Cartrade Tech Limited,Consumer Services,CARTRADE,EQ,INE290S01011,NSE
CARYSIL LIMITED,,CARYSIL,EQ,INE482D01024,NSE
Castrol India Limited,Oil Gas & Consumable Fuels,CASTROLIND,EQ,INE172A01027,NSE
AvenuesAI Limited,,CCAVENUE,EQ,INE483S01020,NSE
Consolidated Construction Consortium Limited,,CCCL,EQ,INE429I01024,NSE
Country Club Hospitality & Holidays Limited,,CCHHL,EQ,INE652F01027,NSE
CCL Products (India) Limited,Fast Moving Consumer Goods,CCL,EQ,INE421D01022,NSE
Central Depository Services (India) Limited,Financial Services,CDSL,EQ,INE736A01011,NSE
CEAT Limited,Automobile and Auto Components,CEATLTD,EQ,INE482A01020,NSE
Ceigall India Limited,,CEIGALL,EQ,INE0AG901020,NSE
Ceinsys Tech Limited,,CEINSYS,EQ,INE016Q01014,NSE
Celebrity Fashions Limited,,CELEBRITY,EQ,INE185H01016,NSE
Cello World Limited,,CELLO,EQ,INE0LMW01024,NSE
Cemindia Projects Limited,Construction,CEMPRO,EQ,INE686A01026,NSE
Century Enka Limited,,CENTENKA,EQ,INE485A01015,NSE
Century Extrusions Limited,,CENTEXT,EQ,INE281A01026,NSE
Central Bank of India,Financial Services,CENTRALBK,EQ,INE483A01010,NSE
Centrum Capital Limited,,CENTRUM,EQ,INE660C01027,NSE
Centum Electronics Limited,,CENTUM,EQ,INE320B01020,NSE
Century Plyboards (India) Limited,,CENTURYPLY,EQ,INE348B01021,NSE
Cera Sanitaryware Limited,,CERA,EQ,INE739E01017,NSE
CESC Limited,Power,CESC,EQ,INE486A01021,NSE
Concord Enviro Systems Limited,,CEWATER,EQ,INE037Z01029,NSE
Capri Global Capital Limited,Financial Services,CGCL,EQ,INE180C01042,NSE
CG Power and Industrial Solutions Limited,Capital Goods,CGPOWER,EQ,INE067A01029,NSE
Chalet Hotels Limited,Consumer Services,CHALET,EQ,INE427F01016,NSE
Chambal Fertilizers & Chemicals Limited,Chemicals,CHAMBLFERT,EQ,INE085A01013,NSE
Chemplast Sanmar Limited,,CHEMPLASTS,EQ,INE488A01050,NSE
Chennai Petroleum Corporation Limited,Oil Gas & Consumable Fuels,CHENNPETRO,EQ,INE178A01016,NSE
Cheviot Company Limited,,CHEVIOT,EQ,INE974B01016,NSE
Choice International Limited,Financial Services,CHOICEIN,EQ,INE102B01014,NSE
Cholamandalam Investment and Finance Company Limited,Financial Services,CHOLAFIN,EQ,INE121A01024,NSE
Cholamandalam Financial Holdings Limited,Financial Services,CHOLAHLDNG,EQ,INE149A01033,NSE
CIE Automotive India Limited,Automobile and Auto Components,CIEINDIA,EQ,INE536H01010,NSE
Capital India Finance Limited,,CIFL,EQ,INE345H01024,NSE
Cineline India Limited,,CINELINE,EQ,INE704H01022,NSE
Cinevista Limited,,CINEVISTA,EQ,INE039B01026,NSE
Cipla Limited,Healthcare,CIPLA,EQ,INE059A01026,NSE
Clean Science and Technology Limited,Chemicals,CLEAN,EQ,INE227W01023,NSE
Clean Max Enviro Energy Solutions Limited,,CLEANMAX,EQ,INE647U01026,NSE
Chaman Lal Setia Exports Limited,,CLSEL,EQ,INE419D01026,NSE
Caliber Mining and Logistics Limited,,CMLL,EQ,INE11XY01018,NSE
Central Mine Planning & Design Institute Limited,,CMPDI,EQ,INE05HV01027,NSE
CMR Green Technologies Limited,,CMRGREEN,EQ,INE00WV01027,NSE
CMS Info Systems Limited,,CMSINFO,EQ,INE925R01014,NSE
Creative Newtech Limited,,CNL,EQ,INE985W01018,NSE
Coal India Limited,Oil Gas & Consumable Fuels,COALINDIA,EQ,INE522F01014,NSE
Coastal Corporation Limited,,COASTCORP,EQ,INE377E01024,NSE
Cochin Shipyard Limited,Capital Goods,COCHINSHIP,EQ,INE704P01025,NSE
John Cockerill India Limited,,COCKERILL,EQ,INE515A01019,NSE
Coforge Limited,Information Technology,COFORGE,EQ,INE591G01025,NSE
Cohance Lifesciences Limited,Healthcare,COHANCE,EQ,INE03QK01018,NSE
Colgate Palmolive (India) Limited,Fast Moving Consumer Goods,COLPAL,EQ,INE259A01022,NSE
Comfort Intech Limited,,COMFINTE,EQ,INE819A01049,NSE
Compucom Software Limited,,COMPUSOFT,EQ,INE453B01029,NSE
Commercial Syn Bags Limited,,COMSYN,EQ,INE073V01015,NSE
Container Corporation of India Limited,Services,CONCOR,EQ,INE111A01025,NSE
Concord Biotech Limited,Healthcare,CONCORDBIO,EQ,INE338H01029,NSE
Confidence Petroleum India Limited,,CONFIPET,EQ,INE552D01024,NSE
Control Print Limited,,CONTROLPR,EQ,INE663B01015,NSE
Coral India Finance & Housing Limited,,CORALFINAC,EQ,INE558D01021,NSE
Waterways Leisure Tourism Limited,,CORDELIA,EQ,INE0LZF01013,NSE
Coromandel International Limited,Chemicals,COROMANDEL,EQ,INE169A01031,NSE
CORONA Remedies Limited,,CORONA,EQ,INE02ZQ01018,NSE
COSMO FIRST LIMITED,,COSMOFIRST,EQ,INE757A01017,NSE
CP Capital Limited,,CPCAP,EQ,INE521J01018,NSE
Career Point Edutech Limited,,CPEDU,EQ,INE0P6P01016,NSE
Captain Polyplast Limited,,CPL,EQ,INE536P01021,NSE
Aditya Infotech Limited,Capital Goods,CPPLUS,EQ,INE819V01029,NSE
Craftsman Automation Limited,Automobile and Auto Components,CRAFTSMAN,EQ,INE00LO01017,NSE
Canara Robeco Asset Management Company Limited,,CRAMC,EQ,INE218I01013,NSE
Creative Eye Limited,,CREATIVEYE,EQ,INE230B01021,NSE
CREDITACCESS GRAMEEN LIMITED,Financial Services,CREDITACC,EQ,INE741K01010,NSE
Crest Ventures Limited,,CREST,EQ,INE559D01011,NSE
Crisil Limited,Financial Services,CRISIL,EQ,INE007A01025,NSE
Crizac Limited,,CRIZAC,EQ,INE0S4R01014,NSE
Crompton Greaves Consumer Electricals Limited,Consumer Durables,CROMPTON,EQ,INE299U01018,NSE
Crown Lifters Limited,,CROWN,EQ,INE491V01019,NSE
CSB Bank Limited,,CSBBANK,EQ,INE679A01013,NSE
CSL Finance Limited,,CSLFINANCE,EQ,INE718F01018,NSE
CSM Technologies Limited,,CSM,EQ,INE0ZK601013,NSE
Cambridge Technology Enterprises Limited,,CTE,EQ,INE627H01017,NSE
City Union Bank Limited,Financial Services,CUB,EQ,INE491A01021,NSE
Cubex Tubings Limited,,CUBEXTUB,EQ,INE144D01012,NSE
Cummins India Limited,Capital Goods,CUMMINSIND,EQ,INE298A01020,NSE
Cupid Limited,,CUPID,EQ,INE509F01029,NSE
Cura Technologies Limited,,CURAA,EQ,INE117B01020,NSE
Cyient Limited,Information Technology,CYIENT,EQ,INE136B01020,NSE
Cyient DLM Limited,,CYIENTDLM,EQ,INE055S01018,NSE
Dabur India Limited,Fast Moving Consumer Goods,DABUR,EQ,INE016A01026,NSE
Dai-Ichi Karkaria Limited,,DAICHI,EQ,INE928C01010,NSE
Dalmia Bharat Limited,Construction Materials,DALBHARAT,EQ,INE00R701025,NSE
Dalmia Bharat Sugar and Industries Limited,,DALMIASUG,EQ,INE495A01022,NSE
Dam Capital Advisors Limited,,DAMCAPITAL,EQ,INE284H01025,NSE
Dangee Dums Limited,,DANGEE,EQ,INE688Y01022,NSE
Datamatics Global Services Limited,,DATAMATICS,EQ,INE365B01017,NSE
Data Patterns (India) Limited,Capital Goods,DATAPATTNS,EQ,INE0IX101010,NSE
Davangere Sugar Company Limited,,DAVANGERE,EQ,INE179G01029,NSE
D.B.Corp Limited,,DBCORP,EQ,INE950I01011,NSE
Dilip Buildcon Limited,,DBL,EQ,INE917M01012,NSE
Dhampur Bio Organics Limited,,DBOL,EQ,INE0I3401014,NSE
Valor Estate Limited,,DBREALTY,EQ,INE879I01012,NSE
Dishman Carbogen Amcis Limited,,DCAL,EQ,INE385W01011,NSE
DCB Bank Limited,,DCBBANK,EQ,INE503A01015,NSE
Dc Infotech And Communication Limited,,DCI,EQ,INE0A1101019,NSE
DCM Financial Services Limited,,DCMFINSERV,EQ,INE891B01012,NSE
DCM Nouvelle Limited,,DCMNVL,EQ,INE08KP01019,NSE
DCM Shriram Limited,Diversified,DCMSHRIRAM,EQ,INE499A01024,NSE
DCM Shriram Industries Limited,,DCMSRIND,EQ,INE843D01027,NSE
DCW Limited,,DCW,EQ,INE500A01029,NSE
DCX Systems Limited,,DCXINDIA,EQ,INE0KL801015,NSE
Ddev Plastiks Industries Limited,,DDEVPLSTIK,EQ,INE0HR601026,NSE
Deccan Cements Limited,,DECCANCE,EQ,INE583C01021,NSE
Deccan Gold Mines Limited,,DECNGOLD,EQ,INE945F01025,NSE
DEE Development Engineers Limited,,DEEDEV,EQ,INE841L01016,NSE
Deepak Fertilizers and Petrochemicals Corporation Limited,Chemicals,DEEPAKFERT,EQ,INE501A01019,NSE
Deepak Nitrite Limited,Chemicals,DEEPAKNTR,EQ,INE288B01029,NSE
Deep Industries Limited,,DEEPINDS,EQ,INE0FHS01024,NSE
Delhivery Limited,Services,DELHIVERY,EQ,INE148O01028,NSE
Delta Corp Limited,,DELTACORP,EQ,INE124G01033,NSE
Delta Manufacturing Limited,,DELTAMAGNT,EQ,INE393A01011,NSE
Den Networks Limited,,DEN,EQ,INE947J01015,NSE
De Nora India Limited,,DENORA,EQ,INE244A01016,NSE
Denta Water and Infra Solutions Limited,,DENTA,EQ,INE0R4L01018,NSE
Dev Information Technology Limited,,DEVIT,EQ,INE060X01034,NSE
Dev Accelerator Limited,,DEVX,EQ,INE0VOV01021,NSE
Devyani International Limited,Consumer Services,DEVYANI,EQ,INE872J01023,NSE
Digicontent Limited,,DGCONTENT,EQ,INE03JI01017,NSE
Dhampur Sugar Mills Limited,,DHAMPURSUG,EQ,INE041A01016,NSE
Dhanlaxmi Bank Limited,,DHANBANK,EQ,INE680A01011,NSE
Dhanuka Agritech Limited,,DHANUKA,EQ,INE435G01025,NSE
Dharmaj Crop Guard Limited,,DHARMAJ,EQ,INE00OQ01016,NSE
Dhruv Consultancy Services Limited,,DHRUV,EQ,INE506Z01015,NSE
Dhunseri Investments Limited,,DHUNINV,EQ,INE320L01011,NSE
Diamines & Chemicals Limited,,DIAMINESQ,EQ,INE591D01014,NSE
Prataap Snacks Limited,,DIAMONDYD,EQ,INE393P01035,NSE
DIC India Limited,,DICIND,EQ,INE303A01010,NSE
Diffusion Engineers Limited,,DIFFNKG,EQ,INE184O01015,NSE
Digidrive Distributors Limited,,DIGIDRIVE,EQ,INE0PSC01024,NSE
DiGiSPICE Technologies Limited,,DIGISPICE,EQ,INE927C01020,NSE
Digitide Solutions Limited,,DIGITIDE,EQ,INE0U4701011,NSE
Digjam Limited,,DIGJAMLMTD,EQ,INE731U01028,NSE
Disa India Limited,,DISAQ,EQ,INE131C01011,NSE
Dish TV India Limited,,DISHTV,EQ,INE836F01026,NSE
Divgi Torqtransfer Systems Limited,,DIVGIITTS,EQ,INE753U01022,NSE
Divi's Laboratories Limited,Healthcare,DIVISLAB,EQ,INE361B01024,NSE
Dixon Technologies (India) Limited,Consumer Durables,DIXON,EQ,INE935N01020,NSE
DJ Mediaprint & Logistics Limited,,DJML,EQ,INE0B1K01014,NSE
DLF Limited,Realty,DLF,EQ,INE271C01023,NSE
D-Link (India) Limited,,DLINKINDIA,EQ,INE250K01012,NSE
Avenue Supermarts Limited,Consumer Services,DMART,EQ,INE192R01011,NSE
DMCC SPECIALITY CHEMICALS LIMITED,,DMCC,EQ,INE505A01010,NSE
Diligent Media Corporation Limited,,DNAMEDIA,EQ,INE016M01021,NSE
Dodla Dairy Limited,,DODLA,EQ,INE021O01019,NSE
Dolat Algotech Limited,,DOLATALGO,EQ,INE966A01022,NSE
Dollar Industries Limited,,DOLLAR,EQ,INE325C01035,NSE
Dolphin Offshore Enterprises (India) Limited,,DOLPHIN,EQ,INE920A01037,NSE
DOMS Industries Limited,Fast Moving Consumer Goods,DOMS,EQ,INE321T01012,NSE
Donear Industries Limited,,DONEAR,EQ,INE668D01028,NSE
D. P. Abhushan Limited,,DPABHUSHAN,EQ,INE266Y01019,NSE
Dr Agarwals Eye Hospital Limited,,DRAGARWQ,EQ,INE934C01018,NSE
DRC Systems India Limited,,DRCSYSTEMS,EQ,INE03RS01027,NSE
Dreamfolks Services Limited,,DREAMFOLKS,EQ,INE0JS101016,NSE
Dredging Corporation of India Limited,,DREDGECORP,EQ,INE506A01018,NSE
Dr. Reddy's Laboratories Limited,Healthcare,DRREDDY,EQ,INE089A01031,NSE
Dynacons Systems & Solutions Limited,,DSSL,EQ,INE417B01040,NSE
Dhunseri Tea & Industries Limited,,DTIL,EQ,INE341R01014,NSE
Ducon Infratechnologies Limited,,DUCON,EQ,INE741L01018,NSE
Dhunseri Ventures Limited,,DVL,EQ,INE477B01010,NSE
Dwarikesh Sugar Industries Limited,,DWARKESH,EQ,INE366A01041,NSE
Dynamic Cables Limited,,DYCL,EQ,INE600Y01019,NSE
Dynamatic Technologies Limited,,DYNAMATECH,EQ,INE221B01012,NSE
Dynemic Products Limited,,DYNPRO,EQ,INE256H01015,NSE
Easy Trip Planners Limited,,EASEMYTRIP,EQ,INE07O001026,NSE
GNG Electronics Limited,,EBGNG,EQ,INE18JU01028,NSE
eClerx Services Limited,Services,ECLERX,EQ,INE738I01010,NSE
Edelweiss Financial Services Limited,,EDELWEISS,EQ,INE532F01054,NSE
EFC (I) Limited,,EFCIL,EQ,INE886D01026,NSE
Eicher Motors Limited,Automobile and Auto Components,EICHERMOT,EQ,INE066A01021,NSE
EID Parry India Limited,Fast Moving Consumer Goods,EIDPARRY,EQ,INE126A01031,NSE
Enviro Infra Engineers Limited,,EIEL,EQ,INE0LLY01014,NSE
EIH Associated Hotels Limited,,EIHAHOTELS,EQ,INE276C01014,NSE
EIH Limited,Consumer Services,EIHOTEL,EQ,INE230A01023,NSE
Eimco Elecon (India) Limited,,EIMCOELECO,EQ,INE158B01016,NSE
Everest Kanto Cylinder Limited,,EKC,EQ,INE184H01027,NSE
Elantas Beck India Limited,,ELANTAS,EQ,INE280B01018,NSE
EL CID Investments Limited,,ELCIDIN,EQ,INE927X01018,NSE
Eldeco Housing And Industries Limited,,ELDEHSG,EQ,INE668G01021,NSE
Elecon Engineering Company Limited,Capital Goods,ELECON,EQ,INE205B01031,NSE
Electrosteel Castings Limited,,ELECTCAST,EQ,INE086A01029,NSE
Electrotherm (India) Limited,,ELECTHERM,EQ,INE822G01016,NSE
Elgi Equipments Limited,Capital Goods,ELGIEQUIP,EQ,INE285A01027,NSE
Elgi Rubber Company Limited,,ELGIRUBCO,EQ,INE819L01012,NSE
Elin Electronics Limited,,ELIN,EQ,INE050401020,NSE
Elitecon International Limited,,ELITECON,EQ,INE669R01026,NSE
Ellenbarrie Industrial Gases Limited,,ELLEN,EQ,INE236E01022,NSE
Elpro International Limited,,ELPROINTL,EQ,INE579B01039,NSE
Emami Limited,Fast Moving Consumer Goods,EMAMILTD,EQ,INE548C01032,NSE
Emami Realty Limited,,EMAMIREAL,EQ,INE778K01012,NSE
Embassy Developments Limited,,EMBDL,EQ,INE069I01010,NSE
Emcure Pharmaceuticals Limited,Healthcare,EMCURE,EQ,INE168P01015,NSE
Electronics Mart India Limited,,EMIL,EQ,INE02YR01019,NSE
Emkay Global Financial Services Limited,,EMKAY,EQ,INE296H01011,NSE
Emmvee Photovoltaic Power Limited,Capital Goods,EMMVEE,EQ,INE1C6T01020,NSE
EMS Limited,,EMSLIMITED,EQ,INE0OV601013,NSE
eMudhra Limited,,EMUDHRA,EQ,INE01QM01018,NSE
Endurance Technologies Limited,Automobile and Auto Components,ENDURANCE,EQ,INE913H01037,NSE
Energy Development Company Limited,,ENERGYDEV,EQ,INE306C01019,NSE
Engineers India Limited,Construction,ENGINERSIN,EQ,INE510A01028,NSE
Entertainment Network (India) Limited,,ENIL,EQ,INE265F01028,NSE
Siemens Energy India Limited,Capital Goods,ENRIN,EQ,INE1NPP01017,NSE
Entero Healthcare Solutions Limited,,ENTERO,EQ,INE010601016,NSE
EPACK Durable Limited,,EPACK,EQ,INE0G5901015,NSE
EPack Prefab Technologies Limited,,EPACKPEB,EQ,INE0MLS01022,NSE
Epigral Limited,,EPIGRAL,EQ,INE071N01016,NSE
EPL Limited,,EPL,EQ,INE255A01020,NSE
Equitas Small Finance Bank Limited,,EQUITASBNK,EQ,INE063P01018,NSE
Eris Lifesciences Limited,Healthcare,ERIS,EQ,INE406M01024,NSE
Esab India Limited,,ESABINDIA,EQ,INE284A01012,NSE
Escorts Kubota Limited,Capital Goods,ESCORTS,EQ,INE042A01014,NSE
Essar Shipping Limited,,ESSARSHPNG,EQ,INE122M01019,NSE
Integra Essentia Limited,,ESSENTIA,EQ,INE418N01035,NSE
Ester Industries Limited,,ESTER,EQ,INE778B01029,NSE
ETERNAL LIMITED,Consumer Services,ETERNAL,EQ,INE758T01015,NSE
Ethos Limited,,ETHOSLTD,EQ,INE04TZ01018,NSE
Eureka Forbes Limited,,EUREKAFORB,EQ,INE0KCE01017,NSE
Euro Panel Products Limited,,EUROBOND,EQ,INE505V01016,NSE
Euro Pratik Sales Limited,,EUROPRATIK,EQ,INE198501012,NSE
Eveready Industries India Limited,,EVEREADY,EQ,INE128A01029,NSE
Excel Industries Limited,,EXCELINDUS,EQ,INE369A01029,NSE
Excelsoft Technologies Limited,,EXCELSOFT,EQ,INE606N01019,NSE
Exicom Tele-Systems Limited,,EXICOM,EQ,INE777F01014,NSE
Exide Industries Limited,Automobile and Auto Components,EXIDEIND,EQ,INE302A01020,NSE
Expleo Solutions Limited,,EXPLEOSOL,EQ,INE201K01015,NSE
Exxaro Tiles Limited,,EXXARO,EQ,INE0GFE01026,NSE
Fabtech Technologies Limited,,FABTECH,EQ,INE0HF201011,NSE
Fertilizers and Chemicals Travancore Limited,Chemicals,FACT,EQ,INE188A01015,NSE
Faze Three Limited,,FAZE3Q,EQ,INE963C01033,NSE
Fineotex Chemical Limited,,FCL,EQ,INE045J01034,NSE
FCS Software Solutions Limited,,FCSSOFT,EQ,INE512B01022,NSE
FDC Limited,,FDC,EQ,INE258B01022,NSE
Fedders Holding Limited,,FEDDERSHOL,EQ,INE417D01020,NSE
The Federal Bank  Limited,Financial Services,FEDERALBNK,EQ,INE171A01029,NSE
Fedbank Financial Services Limited,,FEDFINA,EQ,INE007N01010,NSE
Fermenta Biotech Limited,,FERMENTA,EQ,INE225B01021,NSE
Fiberweb (India) Limited,,FIBERWEB,EQ,INE296C01020,NSE
Fiem Industries Limited,,FIEMIND,EQ,INE737H01014,NSE
Filatex India Limited,,FILATEX,EQ,INE816B01035,NSE
Filatex Fashions Limited,,FILATFASH,EQ,INE185E01021,NSE
Finolex Cables Limited,Capital Goods,FINCABLES,EQ,INE235A01022,NSE
Fine Organic Industries Limited,,FINEORG,EQ,INE686Y01026,NSE
Finkurve Financial Services Limited,,FINKURVE,EQ,INE734I01027,NSE
Fino Payments Bank Limited,,FINOPB,EQ,INE02NC01014,NSE
Finolex Industries Limited,,FINPIPE,EQ,INE183A01024,NSE
Brainbees Solutions Limited,Consumer Services,FIRSTCRY,EQ,INE02RE01045,NSE
Fischer Medical Ventures Limited,,FISCHER,EQ,INE771F01041,NSE
Five-Star Business Finance Limited,Financial Services,FIVESTAR,EQ,INE128S01021,NSE
Flair Writing Industries Limited,,FLAIR,EQ,INE00Y201027,NSE
Gujarat Fluorochemicals Limited,Chemicals,FLUOROCHEM,EQ,INE09N301011,NSE
Federal-Mogul Goetze (India) Limited.,,FMGOETZE,EQ,INE529A01010,NSE
Foods & Inns Limited,,FOODSIN,EQ,INE976E01023,NSE
FORCE MOTORS LTD,Automobile and Auto Components,FORCEMOT,EQ,INE451A01017,NSE
Fortis Healthcare Limited,Healthcare,FORTIS,EQ,INE061F01013,NSE
Foseco India Limited,,FOSECOIND,EQ,INE519A01011,NSE
Fractal Analytics Limited,,FRACTAL,EQ,INE212S01015,NSE
Frontier Springs Limited,,FRONTSP,EQ,INE572D01014,NSE
Firstsource Solutions Limited,Services,FSL,EQ,INE684F01012,NSE
Fusion Finance Limited,,FUSION,EQ,INE139R01012,NSE
Gabriel India Limited,Automobile and Auto Components,GABRIEL,EQ,INE524A01029,NSE
Gujarat Ambuja Exports Limited,,GAEL,EQ,INE036B01030,NSE
GAIL (India) Limited,Oil Gas & Consumable Fuels,GAIL,EQ,INE129A01019,NSE
Gala Precision Engineering Limited,,GALAPREC,EQ,INE0RE001014,NSE
Galaxy Surfactants Limited,,GALAXYSURF,EQ,INE600K01018,NSE
Gallantt Ispat Limited,Capital Goods,GALLANTT,EQ,INE297H01019,NSE
Gandhar Oil Refinery (India) Limited,,GANDHAR,EQ,INE717W01049,NSE
Gandhi Special Tubes Limited,,GANDHITUBE,EQ,INE524B01027,NSE
Ganesha Ecosphere Limited,,GANECOS,EQ,INE845D01014,NSE
Ganesh Consumer Products Limited,,GANESHCP,EQ,INE652V01016,NSE
GANESH HOUSING LIMITED,,GANESHHOU,EQ,INE460C01014,NSE
Ganga Forging Limited,,GANGAFORGE,EQ,INE691Z01023,NSE
Ganges Securities Limited,,GANGESSECU,EQ,INE335W01016,NSE
Garware Technical Fibres Limited,,GARFIBRES,EQ,INE276A01018,NSE
Garuda Construction and Engineering Limited,,GARUDA,EQ,INE0JVO01026,NSE
Gateway Distriparks Limited,,GATEWAY,EQ,INE079J01017,NSE
Gayatri Highways Limited,,GAYAHWS,EQ,INE287Z01012,NSE
Gretex Corporate Services Limited,,GCSL,EQ,INE199P01028,NSE
Geekay Wires Limited,,GEEKAYWIRE,EQ,INE669X01032,NSE
Gem Aromatics Limited,,GEMAROMA,EQ,INE06XZ01023,NSE
Generic Engineering Construction and Projects Limited,,GENCON,EQ,INE854S01022,NSE
Genesys International Corporation Limited,,GENESYS,EQ,INE727B01026,NSE
Genus Paper & Boards Limited,,GENUSPAPER,EQ,INE949P01018,NSE
Genus Power Infrastructures Limited,,GENUSPOWER,EQ,INE955D01029,NSE
Geojit Financial Services Limited,,GEOJITFSL,EQ,INE007B01023,NSE
The Great Eastern Shipping Company Limited,Services,GESHIP,EQ,INE017A01032,NSE
GFL Limited,,GFLLIMITED,EQ,INE538A01037,NSE
GHCL Limited,,GHCL,EQ,INE539A01019,NSE
GHCL Textiles Limited,,GHCLTEXTIL,EQ,INE0PA801013,NSE
GIC Housing Finance Limited,,GICHSGFIN,EQ,INE289B01019,NSE
Globe International Carriers Limited,,GICL,EQ,INE947T01022,NSE
General Insurance Corporation of India,Financial Services,GICRE,EQ,INE481Y01014,NSE
Gillanders Arbuthnot & Company Limited,,GILLANDERS,EQ,INE047B01011,NSE
Gillette India Limited,Fast Moving Consumer Goods,GILLETTE,EQ,INE322A01010,NSE
Gujarat Industries Power Company Limited,,GIPCL,EQ,INE162A01010,NSE
GK Energy Limited,,GKENERGY,EQ,INE1AG301022,NSE
Gujarat Kidney And Super Speciality Limited,,GKSL,EQ,INE0V0W01025,NSE
GKW Limited,,GKWLIMITED,EQ,INE528A01020,NSE
Gland Pharma Limited,Healthcare,GLAND,EQ,INE068V01023,NSE
GlaxoSmithKline Pharmaceuticals Limited,Healthcare,GLAXO,EQ,INE159A01016,NSE
Glenmark Pharmaceuticals Limited,Healthcare,GLENMARK,EQ,INE935A01035,NSE
Gujarat Lease Financing Limited,,GLFL,EQ,INE540A01017,NSE
Global Education Limited,,GLOBAL,EQ,INE291W01037,NSE
Globale Tessile Limited,,GLOBALE,EQ,INE0URU01010,NSE
Global Vectra Helicorp Limited,,GLOBALVECT,EQ,INE792H01019,NSE
GLOBE ENTERPRISES (INDIA) LIMITED,,GLOBE,EQ,INE581X01021,NSE
Globe Civil Projects Limited,,GLOBECIVIL,EQ,INE0V3U01015,NSE
Globus Spirits Limited,,GLOBUSSPR,EQ,INE615I01010,NSE
Gloster Limited,,GLOSTERLTD,EQ,INE350Z01018,NSE
GM Breweries Limited,,GMBREW,EQ,INE075D01018,NSE
Gujarat Mineral Development Corporation Limited,Metals & Mining,GMDCLTD,EQ,INE131A01031,NSE
GMM Pfaudler Limited,,GMMPFAUDLR,EQ,INE541A01023,NSE
GMR AIRPORTS LIMITED,Services,GMRAIRPORT,EQ,INE776C01039,NSE
GMR Power and Urban Infra Limited,,GMRP&UI,EQ,INE0CU601026,NSE
GNA Axles Limited,,GNA,EQ,INE934S01014,NSE
Gujarat Narmada Valley Fertilizers and Chemicals Limited,,GNFC,EQ,INE113A01013,NSE
Gujarat Natural Resources Limited,,GNRL,EQ,INE207H01018,NSE
Goa Carbon Limited,,GOACARBON,EQ,INE426D01013,NSE
GOCL Corporation Limited,,GOCLCORP,EQ,INE077F01035,NSE
Go Fashion (India) Limited,,GOCOLORS,EQ,INE0BJS01011,NSE
Godavari Biorefineries Limited,,GODAVARIB,EQ,INE497S01012,NSE
Godfrey Phillips India Limited,Fast Moving Consumer Goods,GODFRYPHLP,EQ,INE260B01028,NSE
Go Digit General Insurance Limited,Financial Services,GODIGIT,EQ,INE03JT01014,NSE
Godrej Agrovet Limited,,GODREJAGRO,EQ,INE850D01014,NSE
Godrej Consumer Products Limited,Fast Moving Consumer Goods,GODREJCP,EQ,INE102D01028,NSE
Godrej Industries Limited,Diversified,GODREJIND,EQ,INE233A01035,NSE
Godrej Properties Limited,Realty,GODREJPROP,EQ,INE484J01027,NSE
Gokaldas Exports Limited,,GOKEX,EQ,INE887G01027,NSE
Gokul Refoils and Solvent Limited,,GOKUL,EQ,INE020J01029,NSE
Gokul Agro Resources Limited,,GOKULAGRO,EQ,INE314T01033,NSE
Goldiam International Limited,,GOLDIAM,EQ,INE025B01025,NSE
Goodluck India Limited,,GOODLUCK,EQ,INE127I01024,NSE
Goodyear India Limited,,GOODYEAR,EQ,INE533A01012,NSE
Gopal Snacks Limited,,GOPAL,EQ,INE0L9R01028,NSE
Goyal Aluminiums Limited,,GOYALALUM,EQ,INE705X01026,NSE
Godawari Power And Ispat limited,Capital Goods,GPIL,EQ,INE177H01039,NSE
Gujarat Pipavav Port Limited,,GPPL,EQ,INE517F01014,NSE
GPT Healthcare Limited,,GPTHEALTH,EQ,INE486R01017,NSE
GPT Infraprojects Limited,,GPTINFRA,EQ,INE390G01014,NSE
Gradiente Infotainment Limited,,GRADIENTE,EQ,INE361K01017,NSE
Grand Oak Canyons Distillery Limited,,GRANDOAK,EQ,INE926B01016,NSE
Granules India Limited,Healthcare,GRANULES,EQ,INE101D01020,NSE
Graphite India Limited,Capital Goods,GRAPHITE,EQ,INE371A01025,NSE
Grasim Industries Limited,Construction Materials,GRASIM,EQ,INE047A01021,NSE
Grauer & Weil India Limited,,GRAUWEIL,EQ,INE266D01021,NSE
Graviss Hospitality Limited,,GRAVISSHO,EQ,INE214F01026,NSE
Gravita India Limited,Metals & Mining,GRAVITA,EQ,INE024L01027,NSE
Greaves Cotton Limited,,GREAVESCOT,EQ,INE224A01026,NSE
Greenlam Industries Limited,,GREENLAM,EQ,INE544R01021,NSE
Greenpanel Industries Limited,,GREENPANEL,EQ,INE08ZM01014,NSE
Greenply Industries Limited,,GREENPLY,EQ,INE461C01038,NSE
Orient Green Power Company Limited,,GREENPOWER,EQ,INE999K01014,NSE
Grindwell Norton Limited,,GRINDWELL,EQ,INE536A01023,NSE
G R Infraprojects Limited,,GRINFRA,EQ,INE201P01022,NSE
GRM Overseas Limited,,GRMOVER,EQ,INE192H01020,NSE
The Grob Tea Company Limited,,GROBTEA,EQ,INE646C01018,NSE
Billionbrains Garage Ventures Limited,Financial Services,GROWW,EQ,INE0HOQ01053,NSE
GRP Limited,,GRPLTD,EQ,INE137I01015,NSE
Garden Reach Shipbuilders & Engineers Limited,Capital Goods,GRSE,EQ,INE382Z01011,NSE
Garware Hi-Tech Films Limited,,GRWRHITECH,EQ,INE291A01017,NSE
Gujarat State Fertilizers & Chemicals Limited,,GSFC,EQ,INE026A01025,NSE
Global Surfaces Limited,,GSLSU,EQ,INE0JSX01015,NSE
GSP Crop Science Limited,,GSPCROP,EQ,INE713R01022,NSE
GSS Infotech Limited,,GSS,EQ,INE871H01011,NSE
GTL Limited,,GTL,EQ,INE043A01012,NSE
GTL Infrastructure Limited,,GTLINFRA,EQ,INE221H01019,NSE
GTPL Hathway Limited,,GTPL,EQ,INE869I01013,NSE
Gufic Biosciences Limited,,GUFICBIO,EQ,INE742B01025,NSE
Gujarat Alkalies and Chemicals Limited,,GUJALKALI,EQ,INE186A01019,NSE
Gujarat Apollo Industries Limited,,GUJAPOLLO,EQ,INE826C01016,NSE
GUJARAT ENERGY LIMITED,,GUJENERGY,EQ,INE844O01030,NSE
Gujarat Raffia Industries Limited,,GUJRAFFIA,EQ,INE610B01024,NSE
Gujarat Themis Biosyn Limited,,GUJTHEM,EQ,INE942C01045,NSE
Gulf Oil Lubricants India Limited,,GULFOILLUB,EQ,INE635Q01029,NSE
Gulshan Polyols Limited,,GULPOLY,EQ,INE255D01024,NSE
GE Power India Limited,,GVPIL,EQ,INE878A01011,NSE
GVP Infotech Limited,,GVPTECH,EQ,INE382T01030,NSE
GE Vernova T&D India Limited,Capital Goods,GVT&D,EQ,INE200A01026,NSE
Gyftr Limited,,GYFTR,EQ,INE724A01017,NSE
Hindustan Aeronautics Limited,Capital Goods,HAL,EQ,INE066F01020,NSE
Halder Venture Limited,,HALDER,EQ,INE115S01010,NSE
HALEOS LABS LIMITED,,HALEOSLABS,EQ,INE320X01016,NSE
Happiest Minds Technologies Limited,,HAPPSTMNDS,EQ,INE419U01012,NSE
Happy Forgings Limited,,HAPPYFORGE,EQ,INE330T01021,NSE
Hardwyn India Limited,,HARDWYN,EQ,INE626Z01029,NSE
Hariom Pipe Industries Limited,,HARIOMPIPE,EQ,INE00EV01017,NSE
Harrisons  Malayalam Limited,,HARRMALAYA,EQ,INE544A01019,NSE
Harsha Engineers International Limited,,HARSHA,EQ,INE0JUS01029,NSE
Hathway Cable & Datacom Limited,,HATHWAY,EQ,INE982F01036,NSE
Hatsun Agro Product Limited,,HATSUN,EQ,INE473B01035,NSE
Havells India Limited,Consumer Durables,HAVELLS,EQ,INE176B01034,NSE
Sri Havisha Hospitality and Infrastructure Limited,,HAVISHA,EQ,INE293B01029,NSE
Hawkins Cookers Limited,,HAWKINCOOK,EQ,INE979B01015,NSE
HB Estate Developers Limited,,HBESD,EQ,INE640B01021,NSE
HBL Engineering Limited,Capital Goods,HBLENGINE,EQ,INE292B01021,NSE
HB Stockholdings Limited,,HBSL,EQ,INE550B01022,NSE
Hindustan Construction Company Limited,,HCC,EQ,INE549A01026,NSE
Healthcare Global Enterprises Limited,,HCG,EQ,INE075I01017,NSE
HCL Infosystems Limited,,HCL-INSYS,EQ,INE236A01020,NSE
HCL Technologies Limited,Information Technology,HCLTECH,EQ,INE860A01027,NSE
HDB Financial Services Limited,Financial Services,HDBFS,EQ,INE756I01012,NSE
HDFC Asset Management Company Limited,Financial Services,HDFCAMC,EQ,INE127D01025,NSE
HDFC Bank Limited,Financial Services,HDFCBANK,EQ,INE040A01034,NSE
HDFC Life Insurance Company Limited,Financial Services,HDFCLIFE,EQ,INE795G01014,NSE
Heads UP Ventures Limited,,HEADSUP,EQ,INE759V01019,NSE
Health X Platform Limited,,HEALTHX,EQ,INE019J01013,NSE
HEC Infra Projects Limited,,HECPROJECT,EQ,INE558R01013,NSE
HEG Limited,Capital Goods,HEG,EQ,INE545A01024,NSE
HeidelbergCement India Limited,,HEIDELBERG,EQ,INE578A01017,NSE
Hemisphere Properties India Limited,,HEMIPROP,EQ,INE0AJG01018,NSE
Heranba Industries Limited,,HERANBA,EQ,INE694N01015,NSE
Heritage Foods Limited,,HERITGFOOD,EQ,INE978A01027,NSE
Hero MotoCorp Limited,Automobile and Auto Components,HEROMOTOCO,EQ,INE158A01026,NSE
Hester Biosciences Limited,,HESTERBIO,EQ,INE782E01017,NSE
Hexa Tradex Limited,,HEXATRADEX,EQ,INE750M01017,NSE
Hexaware Technologies Limited,Information Technology,HEXT,EQ,INE093A01041,NSE
HFCL Limited,Telecommunication,HFCL,EQ,INE548A01028,NSE
H.G. Infra Engineering Limited,,HGINFRA,EQ,INE926X01010,NSE
HandsOn Global Management (HGM) Limited,,HGM,EQ,INE596H01014,NSE
Hinduja Global Solutions Limited,,HGS,EQ,INE170I01016,NSE
Hikal Limited,,HIKAL,EQ,INE475B01022,NSE
Highway Infrastructure Limited,,HILINFRA,EQ,INE00RL01028,NSE
Himatsingka Seide Limited,,HIMATSEIDE,EQ,INE049A01027,NSE
Hindalco Industries Limited,Metals & Mining,HINDALCO,EQ,INE038A01020,NSE
Hindustan Composites Limited,,HINDCOMPOS,EQ,INE310C01029,NSE
Hindcon Chemicals Limited,,HINDCON,EQ,INE642Y01029,NSE
Hindustan Copper Limited,Metals & Mining,HINDCOPPER,EQ,INE531E01026,NSE
Hindustan Oil Exploration Company Limited,,HINDOILEXP,EQ,INE345A01011,NSE
Hindustan Petroleum Corporation Limited,Oil Gas & Consumable Fuels,HINDPETRO,EQ,INE094A01015,NSE
Hindustan Unilever Limited,Fast Moving Consumer Goods,HINDUNILVR,EQ,INE030A01027,NSE
Hindware Home Innovation Limited,,HINDWAREAP,EQ,INE05AN01011,NSE
Hindustan Zinc Limited,Metals & Mining,HINDZINC,EQ,INE267A01025,NSE
Hind Rectifiers Limited,,HIRECT,EQ,INE835D01023,NSE
Hisar Metal Industries Limited,,HISARMETAL,EQ,INE598C01011,NSE
Hi-Tech Pipes Limited,,HITECH,EQ,INE106T01025,NSE
HLE Glascoat Limited,,HLEGLAS,EQ,INE461D01028,NSE
HLV LIMITED,,HLVLTD,EQ,INE102A01024,NSE
HMA Agro Industries Limited,,HMAAGRO,EQ,INE0ECP01024,NSE
Hindustan Foods Limited,,HNDFDS,EQ,INE254N01026,NSE
Home First Finance Company India Limited,Financial Services,HOMEFIRST,EQ,INE481N01025,NSE
Honasa Consumer Limited,Fast Moving Consumer Goods,HONASA,EQ,INE0J5401028,NSE
Honeywell Automation India Limited,Capital Goods,HONAUT,EQ,INE671A01010,NSE
Honda India Power Products Limited,,HONDAPOWER,EQ,INE634A01018,NSE
HP Adhesives Limited,,HPAL,EQ,INE0GSL01024,NSE
Hindprakash Industries Limited,,HPIL,EQ,INE05X901010,NSE
HPL Electric & Power Limited,,HPL,EQ,INE495S01016,NSE
Himadri Speciality Chemical Limited,Chemicals,HSCL,EQ,INE019C01026,NSE
HT Media Limited,,HTMEDIA,EQ,INE501G01024,NSE
Hubtown Limited,,HUBTOWN,EQ,INE703H01016,NSE
Housing & Urban Development Corporation Limited,Financial Services,HUDCO,EQ,INE031A01017,NSE
Huhtamaki India Limited,,HUHTAMAKI,EQ,INE275B01026,NSE
Hyundai Motor India Limited,Automobile and Auto Components,HYUNDAI,EQ,INE0V6F01027,NSE
Indiabulls Limited,,IBULLSLTD,EQ,INE126M01010,NSE
ICDS Limited,,ICDSLTD,EQ,INE613B01010,NSE
Ice Make Refrigeration Limited,,ICEMAKE,EQ,INE520Y01019,NSE
ICICI Prudential Asset Management Company Limited,Financial Services,ICICIAMC,EQ,INE346A01027,NSE
ICICI Bank Limited,Financial Services,ICICIBANK,EQ,INE090A01021,NSE
ICICI Lombard General Insurance Company Limited,Financial Services,ICICIGI,EQ,INE765G01017,NSE
ICICI Prudential Life Insurance Company Limited,Financial Services,ICICIPRULI,EQ,INE726G01019,NSE
Indo Count Industries Limited,,ICIL,EQ,INE483B01026,NSE
ICRA Limited,,ICRA,EQ,INE725G01011,NSE
IDBI Bank Limited,Financial Services,IDBI,EQ,INE008A01015,NSE
Vodafone Idea Limited,Telecommunication,IDEA,EQ,INE669E01016,NSE
Ideaforge Technology Limited,,IDEAFORGE,EQ,INE349Y01013,NSE
IDFC First Bank Limited,Financial Services,IDFCFIRSTB,EQ,INE092T01019,NSE
Indian Energy Exchange Limited,Financial Services,IEX,EQ,INE022Q01020,NSE
IFB Industries Limited,,IFBIND,EQ,INE559A01017,NSE
IFCI Limited,Financial Services,IFCI,EQ,INE039A01010,NSE
IFGL Refractories Limited,,IFGLEXPOR,EQ,INE133Y01011,NSE
Igarashi Motors India Limited,,IGARASHI,EQ,INE188B01013,NSE
Indogulf Cropsciences Limited,,IGCL,EQ,INE05J901018,NSE
International Gemological Institute Limited,Services,IGIL,EQ,INE0Q9301021,NSE
Indraprastha Gas Limited,Oil Gas & Consumable Fuels,IGL,EQ,INE203G01027,NSE
IG Petrochemicals Limited,,IGPL,EQ,INE204A01010,NSE
IIFL Finance Limited,Financial Services,IIFL,EQ,INE530B01024,NSE
IIFL Capital Services Limited,,IIFLCAPS,EQ,INE489L01022,NSE
Industrial Investment Trust Limited,,IITL,EQ,INE886A01014,NSE
IKIO Technologies Limited,,IKIO,EQ,INE0LOJ01019,NSE
Inventurus Knowledge Solutions Limited,Information Technology,IKS,EQ,INE115Q01022,NSE
Imagicaaworld Entertainment Limited,,IMAGICAA,EQ,INE172N01012,NSE
Indian Metals & Ferro Alloys Limited,,IMFA,EQ,INE919H01018,NSE
India Motor Parts and Accessories Limited,,IMPAL,EQ,INE547E01014,NSE
Insolation Energy Limited,,INA,EQ,INE0LGX01024,NSE
INCREDIBLE INDUSTRIES LIMITED,,INCREDIBLE,EQ,INE452L01012,NSE
Indbank Merchant Banking Services Limited,,INDBANK,EQ,INE841B01017,NSE
Indegene Limited,Healthcare,INDGN,EQ,INE065X01017,NSE
The Indian Hotels Company Limited,Consumer Services,INDHOTEL,EQ,INE053A01029,NSE
The India Cements Limited,Construction Materials,INDIACEM,EQ,INE383A01012,NSE
India Glycols Limited,,INDIAGLYCO,EQ,INE560A01023,NSE
Indiamart Intermesh Limited,Consumer Services,INDIAMART,EQ,INE933S01016,NSE
Indian Bank,Financial Services,INDIANB,EQ,INE562A01011,NSE
Indian Card Clothing Company Limited,,INDIANCARD,EQ,INE061A01014,NSE
Indian Hume Pipe Company Limited,,INDIANHUME,EQ,INE323C01030,NSE
India Shelter Finance Corporation Limited,,INDIASHLTR,EQ,INE922K01024,NSE
InterGlobe Aviation Limited,Services,INDIGO,EQ,INE646L01027,NSE
Indigo Paints Limited,,INDIGOPNTS,EQ,INE09VQ01012,NSE
Indiqube Spaces Limited,,INDIQUBE,EQ,INE06ST01018,NSE
India Nippon Electricals Limited,,INDNIPPON,EQ,INE092B01025,NSE
Indo Borax & Chemicals Limited,,INDOBORAX,EQ,INE803D01021,NSE
Indoco Remedies Limited,,INDOCO,EQ,INE873D01024,NSE
Indo Farm Equipment Limited,,INDOFARM,EQ,INE622H01018,NSE
INDO-MIM Limited,,INDOMIM,EQ,INE084101034,NSE
Indo Rama Synthetics (India) Limited,,INDORAMA,EQ,INE156A01020,NSE
IndoStar Capital Finance Limited,,INDOSTAR,EQ,INE896L01010,NSE
Indo Tech Transformers Limited,,INDOTECH,EQ,INE332H01014,NSE
Indo Thai Securities Limited,,INDOTHAI,EQ,INE337M01021,NSE
Indo Us Biotech Limited,,INDOUS,EQ,INE250Z01010,NSE
Indowind Energy Limited,,INDOWIND,EQ,INE227G01018,NSE
Industrial & Prudential Investment Company Limited,,INDPRUD,EQ,INE620D01011,NSE
Indraprastha Medical Corporation Limited,,INDRAMEDCO,EQ,INE681B01017,NSE
Ind-Swift Laboratories Limited,,INDSWFTLAB,EQ,INE915B01019,NSE
Indian Terrain Fashions Limited,,INDTERRAIN,EQ,INE611L01021,NSE
IndusInd Bank Limited,Financial Services,INDUSINDBK,EQ,INE095A01012,NSE
Indus Towers Limited,Telecommunication,INDUSTOWER,EQ,INE121J01017,NSE
InfoBeans Technologies Limited,,INFOBEAN,EQ,INE344S01016,NSE
Infomedia Press Limited,,INFOMEDIA,EQ,INE669A01022,NSE
Infosys Limited,Information Technology,INFY,EQ,INE009A01021,NSE
Ingersoll Rand (India) Limited,,INGERRAND,EQ,INE177A01018,NSE
Innova Captab Limited,,INNOVACAP,EQ,INE0DUT01020,NSE
Innovana Thinklabs Limited,,INNOVANA,EQ,INE403Y01018,NSE
Innovision Limited,,INNOVISION,EQ,INE0ADB01012,NSE
Inox Green Energy Services Limited,,INOXGREEN,EQ,INE510W01014,NSE
INOX India Limited,,INOXINDIA,EQ,INE616N01034,NSE
Inox Wind Limited,Capital Goods,INOXWIND,EQ,INE066P01011,NSE
Insecticides (India) Limited,,INSECTICID,EQ,INE070I01018,NSE
Intellect Design Arena Limited,Information Technology,INTELLECT,EQ,INE306R01017,NSE
Intense Technologies Limited,,INTENTECH,EQ,INE781A01025,NSE
Interarch Building Solutions Limited,,INTERARCH,EQ,INE00M901018,NSE
International Conveyors Limited,,INTLCONV,EQ,INE575C01027,NSE
Inventure Growth & Securities Limited,,INVENTURE,EQ,INE878H01024,NSE
Indian Overseas Bank,Financial Services,IOB,EQ,INE565A01014,NSE
Indian Oil Corporation Limited,Oil Gas & Consumable Fuels,IOC,EQ,INE242A01010,NSE
IOL Chemicals and Pharmaceuticals Limited,,IOLCP,EQ,INE485C01029,NSE
ION Exchange (India) Limited,,IONEXCHANG,EQ,INE570A01022,NSE
IPCA Laboratories Limited,Healthcare,IPCALAB,EQ,INE571A01038,NSE
India Pesticides Limited,,IPL,EQ,INE0D6701023,NSE
IRB Infrastructure Developers Limited,Construction,IRB,EQ,INE821I01022,NSE
Ircon International Limited,Construction,IRCON,EQ,INE962Y01021,NSE
Indian Railway Catering And Tourism Corporation Limited,Consumer Services,IRCTC,EQ,INE335Y01020,NSE
Indian Renewable Energy Development Agency Limited,Financial Services,IREDA,EQ,INE202E01016,NSE
Indian Railway Finance Corporation Limited,Financial Services,IRFC,EQ,INE053F01010,NSE
IRIS RegTech Solutions Limited,,IRIS,EQ,INE864K01010,NSE
Iris Clothings Limited,,IRISDOREME,EQ,INE01GN01025,NSE
IRM Energy Limited,,IRMENERGY,EQ,INE07U701015,NSE
Intrasoft Technologies Limited,,ISFT,EQ,INE566K01011,NSE
Isgec Heavy Engineering Limited,,ISGEC,EQ,INE858B01029,NSE
Ishan Dyes and Chemicals Limited,,ISHANCH,EQ,INE561M01018,NSE
ITC Limited,Fast Moving Consumer Goods,ITC,EQ,INE154A01025,NSE
ITC Hotels Limited,Consumer Services,ITCHOTELS,EQ,INE379A01028,NSE
India Tourism Development Corporation Limited,,ITDC,EQ,INE353K01014,NSE
ITI Limited,Telecommunication,ITI,EQ,INE248A01017,NSE
Ivalue Infosolutions Limited,,IVALUE,EQ,INE056801025,NSE
IL&FS Investment Managers Limited,,IVC,EQ,INE050B01023,NSE
The Indian Wood Products Company Limited,,IWP,EQ,INE586E01020,NSE
Le Travenues Technology Limited,,IXIGO,EQ,INE0HV901016,NSE
IZMO Limited,,IZMO,EQ,INE848A01014,NSE
The Jammu & Kashmir Bank Limited,Financial Services,J&KBANK,EQ,INE168A01041,NSE
Jagran Prakashan Limited,,JAGRAN,EQ,INE199G01027,NSE
Jagsonpal Pharmaceuticals Limited,,JAGSNPHARM,EQ,INE048B01035,NSE
Jai Balaji Industries Limited,,JAIBALAJI,EQ,INE091G01026,NSE
Jai Corp Limited,,JAICORPLTD,EQ,INE070D01027,NSE
Jain Resource Recycling Limited,Metals & Mining,JAINREC,EQ,INE0YD401026,NSE
Nandani Creation Limited,,JAIPURKURT,EQ,INE696V01013,NSE
Jamna Auto Industries Limited,,JAMNAAUTO,EQ,INE039C01032,NSE
Jaro Institute of Technology Management and Research Limited,,JARO,EQ,INE00YJ01010,NSE
Jash Engineering Limited,,JASH,EQ,INE039O01029,NSE
Jayant Agro Organics Limited,,JAYAGROGN,EQ,INE785A01026,NSE
Jay Bharat Maruti Limited,,JAYBARMARU,EQ,INE571B01036,NSE
Jaykay Enterprises Limited,,JAYKAY,EQ,INE903A01025,NSE
Jayaswal Neco Industries Limited,,JAYNECOIND,EQ,INE854B01010,NSE
Jayshree Tea & Industries Limited,,JAYSREETEA,EQ,INE364A01020,NSE
JBM Auto Limited,Automobile and Auto Components,JBMA,EQ,INE927D01051,NSE
Jet Freight Logistics Limited,,JETFREIGHT,EQ,INE982V01025,NSE
J.G.Chemicals Limited,,JGCHEM,EQ,INE0MB501011,NSE
JHS Svendgaard Laboratories Limited,,JHS,EQ,INE544H01014,NSE
Jindal Photo Limited,,JINDALPHOT,EQ,INE796G01012,NSE
Jindal Poly Films Limited,,JINDALPOLY,EQ,INE197D01010,NSE
Jindal Saw Limited,Capital Goods,JINDALSAW,EQ,INE324A01032,NSE
JINDAL STEEL LIMITED,Metals & Mining,JINDALSTEL,EQ,INE749A01030,NSE
Jindal Drilling And Industries Limited,,JINDRILL,EQ,INE742C01031,NSE
Jindal Worldwide Limited,,JINDWORLD,EQ,INE247D01039,NSE
Jio Financial Services Limited,Financial Services,JIOFIN,EQ,INE758E01017,NSE
Jain Irrigation Systems Limited,,JISLDVREQS,EQ,IN9175A01010,NSE
Jain Irrigation Systems Limited,,JISLJALEQS,EQ,INE175A01038,NSE
JITF Infralogistics Limited,,JITFINFRA,EQ,INE863T01013,NSE
JK Cement Limited,Construction Materials,JKCEMENT,EQ,INE823G01014,NSE
J.Kumar Infraprojects Limited,,JKIL,EQ,INE576I01022,NSE
Jinkushal Industries Limited,,JKIPL,EQ,INE1FF001016,NSE
JK Lakshmi Cement Limited,,JKLAKSHMI,EQ,INE786A01032,NSE
JK Paper Limited,,JKPAPER,EQ,INE789E01012,NSE
JK Tyre & Industries Limited,Automobile and Auto Components,JKTYRE,EQ,INE573A01042,NSE
Jupiter Life Line Hospitals Limited,,JLHL,EQ,INE682M01020,NSE
Jullundur Motor Agency (Delhi) Limited,,JMA,EQ,INE412C01023,NSE
JM Financial Limited,Financial Services,JMFINANCIL,EQ,INE780C01023,NSE
JNK India Limited,,JNKINDIA,EQ,INE0OAF01028,NSE
Juniper Green Energy Limited,,JNPR,EQ,INE05C901015,NSE
Jindal Poly Investment and Finance Company Limited,,JPOLYINVST,EQ,INE147P01019,NSE
Jaiprakash Power Ventures Limited,Power,JPPOWER,EQ,INE351F01018,NSE
Jana Small Finance Bank Limited,,JSFB,EQ,INE953L01027,NSE
Jindal Stainless Limited,Metals & Mining,JSL,EQ,INE220G01021,NSE
Jeena Sikho Lifecare Limited,,JSLL,EQ,INE0J5801029,NSE
JSW Cement Limited,Construction Materials,JSWCEMENT,EQ,INE718I01012,NSE
JSW Dulux Limited,Consumer Durables,JSWDULUX,EQ,INE133A01011,NSE
JSW Energy Limited,Power,JSWENERGY,EQ,INE121E01018,NSE
JSW Holdings Limited,,JSWHL,EQ,INE824G01012,NSE
JSW Infrastructure Limited,Services,JSWINFRA,EQ,INE880J01026,NSE
JSW Steel Limited,Metals & Mining,JSWSTEEL,EQ,INE019A01038,NSE
Jtekt India Limited,,JTEKTINDIA,EQ,INE643A01035,NSE
JTL INDUSTRIES LIMITED,,JTLIND,EQ,INE391J01032,NSE
Jubilant Agri and Consumer Products Limited,,JUBLCPL,EQ,INE03CC01015,NSE
Jubilant Foodworks Limited,Consumer Services,JUBLFOOD,EQ,INE797F01020,NSE
Jubilant Ingrevia Limited,Chemicals,JUBLINGREA,EQ,INE0BY001018,NSE
Jubilant Pharmova Limited,Healthcare,JUBLPHARMA,EQ,INE700A01033,NSE
Juniper Hotels Limited,,JUNIPER,EQ,INE696F01016,NSE
Just Dial Limited,,JUSTDIAL,EQ,INE599M01018,NSE
Jupiter Wagons Limited,Capital Goods,JWL,EQ,INE209L01016,NSE
Jyothy Labs Limited,,JYOTHYLAB,EQ,INE668F01031,NSE
Jyoti CNC Automation Limited,Capital Goods,JYOTICNC,EQ,INE980O01024,NSE
Jyoti Structures Limited,,JYOTISTRUC,EQ,INE197A01024,NSE
Kabra Extrusion Technik Limited,,KABRAEXTRU,EQ,INE900B01029,NSE
Kajaria Ceramics Limited,Consumer Durables,KAJARIACER,EQ,INE217B01036,NSE
Kakatiya Cement Sugar & Industries Limited,,KAKATCEM,EQ,INE437B01014,NSE
Sai Silks (Kalamandir) Limited,,KALAMANDIR,EQ,INE438K01021,NSE
Kalpataru Limited,,KALPATARU,EQ,INE227J01012,NSE
Kalyani Forge Limited,,KALYANIFRG,EQ,INE314G01014,NSE
Kalyan Jewellers India Limited,Consumer Durables,KALYANKJIL,EQ,INE303R01014,NSE
Kama Holdings Limited,,KAMAHOLD,EQ,INE411F01010,NSE
Kamat Hotels (I) Limited,,KAMATHOTEL,EQ,INE967C01018,NSE
Kamdhenu Ventures Limited,,KAMOPAINTS,EQ,INE0BTI01037,NSE
Kanani Industries Limited,,KANANIIND,EQ,INE879E01037,NSE
Kanchi Karpooram Limited,,KANCHI,EQ,INE081G01019,NSE
Kanpur Plastipack Limited,,KANPRPLA,EQ,INE694E01014,NSE
Kansai Nerolac Paints Limited,,KANSAINER,EQ,INE531A01024,NSE
Kapston Services Limited,,KAPSTON,EQ,INE542Z01028,NSE
Karma Energy Limited,,KARMAENG,EQ,INE725L01011,NSE
Karur Vysya Bank Limited,Financial Services,KARURVYSYA,EQ,INE036D01028,NSE
Kavveri Defence & Wireless Technologies Limited,,KAVDEFENCE,EQ,INE641C01019,NSE
Kaya Limited,,KAYA,EQ,INE587G01015,NSE
Kaynes Technology India Limited,Capital Goods,KAYNES,EQ,INE918Z01012,NSE
KCP Limited,,KCP,EQ,INE805C01028,NSE
KDDL Limited,,KDDL,EQ,INE291D01011,NSE
KEC International Limited,Construction,KEC,EQ,INE389H01022,NSE
Kirloskar Electric Company Limited,,KECL,EQ,INE134B01017,NSE
DSJ Keep Learning Limited,,KEEPLEARN,EQ,INE055C01020,NSE
KEI Industries Limited,Capital Goods,KEI,EQ,INE878B01027,NSE
Kellton Tech Solutions Limited,,KELLTONTEC,EQ,INE164B01030,NSE
Kennametal India Limited,,KENNAMET,EQ,INE717A01029,NSE
Kernex Microsystems (India) Limited,,KERNEX,EQ,INE202H01019,NSE
Keynote Financial Services Limited,,KEYFINSERV,EQ,INE681C01015,NSE
Kfin Technologies Limited,Financial Services,KFINTECH,EQ,INE138Y01010,NSE
Khaitan Chemicals & Fertilizers Limited,,KHAICHEM,EQ,INE745B01028,NSE
Khaitan (India) Limited,,KHAITANLTD,EQ,INE731C01018,NSE
Khandwala Securities Limited,,KHANDSE,EQ,INE060B01014,NSE
Kalyani Investment Company Limited,,KICL,EQ,INE029L01018,NSE
Krishna Institute of Medical Sciences Limited,Healthcare,KIMS,EQ,INE967H01025,NSE
Kingfa Science & Technology (India) Limited,,KINGFA,EQ,INE473D01015,NSE
KIOCL Limited,,KIOCL,EQ,INE880L01014,NSE
Kiran Vyapar Limited,,KIRANVYPAR,EQ,INE555P01013,NSE
Kiri Industries Limited,,KIRIINDUS,EQ,INE415I01015,NSE
Kirloskar Ferrous Industries Limited,,KIRLFER,EQ,INE884B01025,NSE
Kirloskar Brothers Limited,,KIRLOSBROS,EQ,INE732A01036,NSE
Kirloskar Oil Engines Limited,Capital Goods,KIRLOSENG,EQ,INE146L01010,NSE
Kirloskar Industries Limited,,KIRLOSIND,EQ,INE250A01039,NSE
Kirloskar Pneumatic Company Limited,,KIRLPNU,EQ,INE811A01020,NSE
OnEMI Technology Solutions Limited,,KISSHT,EQ,INE12F801023,NSE
Kitex Garments Limited,,KITEX,EQ,INE602G01020,NSE
Kewal Kiran Clothing Limited,,KKCL,EQ,INE401H01017,NSE
Kilburn Engineering Limited,,KLBRENG-B,EQ,INE338F01015,NSE
Knowledge Marine & Engineering Works Limited,,KMEW,EQ,INE0CJD01029,NSE
K.M.Sugar Mills Limited,,KMSUGAR,EQ,INE157H01023,NSE
Knack Packaging Limited,,KNACK,EQ,INE17QZ01016,NSE
KN Agri Resources Limited,,KNAGRI,EQ,INE0KNW01016,NSE
KNR Constructions Limited,,KNRCON,EQ,INE634I01029,NSE
Kohinoor Foods Limited,,KOHINOOR,EQ,INE080B01012,NSE
Kokuyo Camlin Limited,,KOKUYOCMLN,EQ,INE760A01029,NSE
Kolte - Patil Developers Limited,,KOLTEPATIL,EQ,INE094I01018,NSE
Kotak Mahindra Bank Limited,Financial Services,KOTAKBANK,EQ,INE237A01036,NSE
Kothari Sugars And Chemicals Limited,,KOTARISUG,EQ,INE419A01022,NSE
Kothari Petrochemicals Limited,,KOTHARIPET,EQ,INE720A01015,NSE
Kothari Products Limited,,KOTHARIPRO,EQ,INE823A01017,NSE
Kothari Industrial Corporation Limited,,KOTIC,EQ,INE972A01020,NSE
Kovai Medical Center & Hospital Limited,,KOVAI,EQ,INE177F01017,NSE
K.P. Energy Limited,,KPEL,EQ,INE127T01021,NSE
KPI Green Energy Limited,,KPIGREEN,EQ,INE542W01025,NSE
Kalpataru Projects International Limited,Construction,KPIL,EQ,INE220B01022,NSE
KPIT Technologies Limited,Information Technology,KPITTECH,EQ,INE04I401011,NSE
Kwality Pharmaceuticals Limited,,KPL,EQ,INE552U01010,NSE
K.P.R. Mill Limited,Textiles,KPRMILL,EQ,INE930H01031,NSE
KRBL Limited,,KRBL,EQ,INE001B01026,NSE
Krebs Biochemicals and Industries Limited,,KREBSBIO,EQ,INE268B01013,NSE
Krishana Phoschem Limited,,KRISHANA,EQ,INE506W01020,NSE
Krishival Foods Limited,,KRISHIVAL,EQ,INE0GGO01015,NSE
Krishna Defence And Allied Industries Limited,,KRISHNADEF,EQ,INE0J5601015,NSE
Kriti Industries (India) Limited,,KRITI,EQ,INE479D01038,NSE
Kritika Wires Limited,,KRITIKA,EQ,INE00Z501029,NSE
Kriti Nutrients Limited,,KRITINUT,EQ,INE798K01010,NSE
KRN Heat Exchanger and Refrigeration Limited,,KRN,EQ,INE0Q3J01015,NSE
Kronox Lab Sciences Limited,,KRONOX,EQ,INE0ATZ01017,NSE
Kross Limited,,KROSS,EQ,INE0O6601022,NSE
Krsnaa Diagnostics Limited,,KRSNAA,EQ,INE08LI01020,NSE
Krystal Integrated Services Limited,,KRYSTAL,EQ,INE0QN801017,NSE
Ksb Limited,,KSB,EQ,INE999A01023,NSE
Kaveri Seed Company Limited,,KSCL,EQ,INE455I01029,NSE
KSH International Limited,,KSHINTL,EQ,INE987S01020,NSE
Kshitij Polyline Limited,,KSHITIJPOL,EQ,INE013801027,NSE
Kalyani Steels Limited,,KSL,EQ,INE907A01026,NSE
Ksolves India Limited,,KSOLVES,EQ,INE0D6I01023,NSE
KSR Footwear Limited,,KSR,EQ,INE1SPP01016,NSE
The Karnataka Bank Limited,,KTKBANK,EQ,INE614B01018,NSE
Kuantum Papers Limited,,KUANTUM,EQ,INE529I01021,NSE
Kusumgar Limited,,KUSUMGAR,EQ,INE0ISX01025,NSE
Kwality Wall's (India) Limited,,KWIL,EQ,INE2KCE01013,NSE
Lagnam Spintex Limited,,LAGNAM,EQ,INE548Z01017,NSE
Lahoti Overseas Limited,,LAHOTIOV,EQ,INE515C01023,NSE
Lorenzini Apparels Limited,,LAL,EQ,INE740X01023,NSE
Dr. Lal Path Labs Ltd.,Healthcare,LALPATHLAB,EQ,INE600L01024,NSE
Lambodhara Textiles Limited,,LAMBODHARA,EQ,INE112F01022,NSE
Lancor Holdings Limited,,LANCORHOL,EQ,INE572G01025,NSE
Landmark Cars Limited,,LANDMARK,EQ,INE559R01029,NSE
Landsmill Green Limited,,LANDSMILL,EQ,INE688J01023,NSE
La Opala RG Limited,,LAOPALA,EQ,INE059D01020,NSE
Lasa Supergenerics Limited,,LASA,EQ,INE670X01014,NSE
Laser Power & Infra Limited,,LASERPOWER,EQ,INE17IR01028,NSE
Latent View Analytics Limited,Information Technology,LATENTVIEW,EQ,INE0I7C01011,NSE
Laurus Labs Limited,Healthcare,LAURUSLABS,EQ,INE947Q01028,NSE
Laxmi Cotspin Limited,,LAXMICOT,EQ,INE801V01019,NSE
Laxmi Dental Limited,,LAXMIDENTL,EQ,INE0WO601020,NSE
LCC Infotech Limited,,LCCINFOTEC,EQ,INE938A01021,NSE
Lohia Corp Limited,,LCL,EQ,INE0QJW01029,NSE
LEAP India Limited,,LEAPIND,EQ,INE00GO01025,NSE
Le Merite Exports Limited,,LEMERITE,EQ,INE0G1L01025,NSE
Lemon Tree Hotels Limited,Consumer Services,LEMONTREE,EQ,INE970X01018,NSE
Lenskart Solutions Limited,Consumer Services,LENSKART,EQ,INE956O01016,NSE
Lexus Granito (India) Limited,,LEXUS,EQ,INE500X01013,NSE
Lakshmi Finance & Industrial Corporation Limited,,LFIC,EQ,INE850E01012,NSE
LG Balakrishnan & Bros Limited,,LGBBROSLTD,EQ,INE337A01034,NSE
LG Electronics India Limited,Consumer Durables,LGEINDIA,EQ,INE324D01010,NSE
Laxmi Goldorna House Limited,,LGHL,EQ,INE258Y01016,NSE
Libas Consumer Products Limited,,LIBAS,EQ,INE908V01012,NSE
Liberty Shoes Limited,,LIBERTSHOE,EQ,INE557B01019,NSE
LIC Housing Finance Limited,Financial Services,LICHSGFIN,EQ,INE115A01026,NSE
Life Insurance Corporation Of India,Financial Services,LICI,EQ,INE0J1Y01017,NSE
Likhitha Infrastructure Limited,,LIKHITHA,EQ,INE060901027,NSE
Linc Limited,,LINC,EQ,INE802B01027,NSE
Lincoln Pharmaceuticals Limited,,LINCOLN,EQ,INE405C01035,NSE
Linde India Limited,Chemicals,LINDEINDIA,EQ,INE473A01011,NSE
LLOYDS ENGINEERING WORKS LIMITED,,LLOYDSENGG,EQ,INE093R01011,NSE
Lloyds Enterprises Limited,,LLOYDSENT,EQ,INE080I01025,NSE
Lloyds Metals And Energy Limited,Metals & Mining,LLOYDSME,EQ,INE281B01032,NSE
LMW Limited,,LMW,EQ,INE269B01029,NSE
Lodha Developers Limited,Realty,LODHA,EQ,INE670K01029,NSE
Lords Chloro Alkali Limited,,LORDSCHLO,EQ,INE846D01012,NSE
Lotus Eye Hospital and Institute Limited,,LOTUSEYE,EQ,INE947I01017,NSE
Lovable Lingerie Limited,,LOVABLE,EQ,INE597L01014,NSE
Loyal Textile Mills Limited,,LOYALTEX,EQ,INE970D01010,NSE
Landmark Property Development Company Limited,,LPDC,EQ,INE197J01017,NSE
Larsen & Toubro Limited,Construction,LT,EQ,INE018A01030,NSE
L&T Finance Limited,Financial Services,LTF,EQ,INE498L01015,NSE
LT Foods Limited,Fast Moving Consumer Goods,LTFOODS,EQ,INE818H01020,NSE
LTM Limited,Information Technology,LTM,EQ,INE214T01019,NSE
L&T Technology Services Limited,Information Technology,LTTS,EQ,INE010V01017,NSE
Lumax Industries Limited,,LUMAXIND,EQ,INE162B01018,NSE
Lumax Auto Technologies Limited,,LUMAXTECH,EQ,INE872H01027,NSE
Lupin Limited,Healthcare,LUPIN,EQ,INE326A01037,NSE
Lux Industries Limited,,LUXIND,EQ,INE150G01020,NSE
Laxmi Organic Industries Limited,,LXCHEM,EQ,INE576O01020,NSE
Mahindra & Mahindra Limited,Automobile and Auto Components,M&M,EQ,INE101A01026,NSE
Mahindra & Mahindra Financial Services Limited,Financial Services,M&MFIN,EQ,INE774D01024,NSE
Maan Aluminium Limited,,MAANALU,EQ,INE215I01027,NSE
Macpower CNC Machines Limited,,MACPOWER,EQ,INE155Z01011,NSE
Madhav Marbles and Granites Limited,,MADHAV,EQ,INE925C01016,NSE
Madhav Infra Projects Limited,,MADHAVIPL,EQ,INE631R01026,NSE
Madras Fertilizers Limited,,MADRASFERT,EQ,INE414A01015,NSE
Mafatlal Industries Limited,,MAFATIND,EQ,INE270B01035,NSE
Magadh Sugar & Energy Limited,,MAGADSUGAR,EQ,INE347W01011,NSE
Magnum Ventures Limited,,MAGNUM,EQ,INE387I01016,NSE
Bank of Maharashtra,Financial Services,MAHABANK,EQ,INE457A01014,NSE
Maha Rashtra Apex Corporation Limited,,MAHAPEXLTD,EQ,INE843B01013,NSE
Mahindra EPC Irrigation Limited,,MAHEPC,EQ,INE215D01010,NSE
Mahindra Lifespace Developers Limited,,MAHLIFE,EQ,INE813A01018,NSE
Mahindra Logistics Limited,,MAHLOG,EQ,INE766P01016,NSE
Maharashtra Scooters Limited,,MAHSCOOTER,EQ,INE288A01013,NSE
Maharashtra Seamless Limited,,MAHSEAMLES,EQ,INE271B01025,NSE
Maithan Alloys Limited,,MAITHANALL,EQ,INE683C01011,NSE
Mallcom (India) Limited,,MALLCOM,EQ,INE389C01015,NSE
Malu Paper Mills Limited,,MALUPAPER,EQ,INE383H01017,NSE
Mamata Machinery Limited,,MAMATA,EQ,INE0TO701015,NSE
Manaksia Aluminium Company Limited,,MANAKALUCO,EQ,INE859Q01017,NSE
Manaksia Coated Metals & Industries Limited,,MANAKCOAT,EQ,INE830Q01018,NSE
Manaksia Limited,,MANAKSIA,EQ,INE015D01022,NSE
Manaksia Steels Limited,,MANAKSTEEL,EQ,INE824Q01011,NSE
Manali Petrochemicals Limited,,MANALIPETC,EQ,INE201A01024,NSE
Manappuram Finance Limited,Financial Services,MANAPPURAM,EQ,INE522D01027,NSE
Manba Finance Limited,,MANBA,EQ,INE939X01013,NSE
Mangal Credit and Fincorp Limited,,MANCREDIT,EQ,INE545L01039,NSE
Mangalam Drugs And Organics Limited,,MANGALAM,EQ,INE584F01014,NSE
Mangalam Cement Limited,,MANGLMCEM,EQ,INE347A01017,NSE
Man Industries (India) Limited,,MANINDS,EQ,INE993A01026,NSE
Man Infraconstruction Limited,,MANINFRA,EQ,INE949H01023,NSE
Manipal Health Enterprises Limited,,MANIPALHOS,EQ,INE459N01021,NSE
Mankind Pharma Limited,Healthcare,MANKIND,EQ,INE634S01028,NSE
Manomay Tex India Limited,,MANOMAY,EQ,INE784W01015,NSE
Manorama Industries Limited,,MANORAMA,EQ,INE00VM01036,NSE
Mangalam Organics Limited,,MANORG,EQ,INE370D01013,NSE
Vedant Fashions Limited,,MANYAVAR,EQ,INE825V01034,NSE
C.E. Info Systems Limited,Information Technology,MAPMYINDIA,EQ,INE0BV301023,NSE
Marathon Nextgen Realty Limited,,MARATHON,EQ,INE182D01020,NSE
Marico Limited,Fast Moving Consumer Goods,MARICO,EQ,INE196A01026,NSE
Marine Electricals (India) Limited,,MARINE,EQ,INE01JE01028,NSE
Markolines Pavement Technologies Limited,,MARKOLINES,EQ,INE0FW001016,NSE
Marksans Pharma Limited,,MARKSANS,EQ,INE750C01026,NSE
Marsons Limited,,MARSONS,EQ,INE415B01044,NSE
Maruti Suzuki India Limited,Automobile and Auto Components,MARUTI,EQ,INE585B01010,NSE
MAS Financial Services Limited,,MASFIN,EQ,INE348L01012,NSE
Mask Investments Limited,,MASKINVEST,EQ,INE885F01015,NSE
Mastek Limited,,MASTEK,EQ,INE759A01021,NSE
Master Trust Limited,,MASTERTR,EQ,INE677D01037,NSE
Matrimony.Com Limited,,MATRIMONY,EQ,INE866R01028,NSE
Mawana Sugars Limited,,MAWANASUG,EQ,INE636A01039,NSE
Max Estates Limited,,MAXESTATES,EQ,INE03EI01018,NSE
Max Healthcare Institute Limited,Healthcare,MAXHEALTH,EQ,INE027H01010,NSE
Max India Limited,,MAXIND,EQ,INE0CG601016,NSE
Mayur Uniquoters Ltd,,MAYURUNIQ,EQ,INE040D01038,NSE
Mazagon Dock Shipbuilders Limited,Capital Goods,MAZDOCK,EQ,INE249Z01020,NSE
Madhya Bharat Agro Products Limited,,MBAPL,EQ,INE900L01028,NSE
M & B Engineering Limited,,MBEL,EQ,INE08N601015,NSE
MBL Infrastructure Limited,,MBLINFRA,EQ,INE912H01013,NSE
Mac Charles India Limited,,MCCHRLS-B,EQ,INE435D01014,NSE
M TEK COPPER LIMITED,,MCL,EQ,INE813V01022,NSE
Mcleod Russel India Limited,,MCLEODRUSS,EQ,INE942G01012,NSE
Magellanic Cloud Limited,,MCLOUD,EQ,INE613C01026,NSE
Multi Commodity Exchange of India Limited,Financial Services,MCX,EQ,INE745G01043,NSE
Global Health Limited,Healthcare,MEDANTA,EQ,INE474Q01031,NSE
Medi Assist Healthcare Services Limited,,MEDIASSIST,EQ,INE456Z01021,NSE
Medicamen Biotech Limited,,MEDICAMEQ,EQ,INE646B01010,NSE
Medico Remedies Limited,,MEDICO,EQ,INE630Y01024,NSE
Medplus Health Services Limited,,MEDPLUS,EQ,INE804L01022,NSE
Meesho Limited,Consumer Services,MEESHO,EQ,INE0VDM01015,NSE
Megastar Foods Limited,,MEGASTAR,EQ,INE00EM01016,NSE
Mangal Electrical Industries Limited,,MEIL,EQ,INE0PKD01011,NSE
Menon Pistons Limited,,MENNPIS,EQ,INE650G01029,NSE
Mercantile Ventures Limited,,MERCANTILE,EQ,INE689O01013,NSE
Mercury Ev-Tech Limited,,MERCURYEV,EQ,INE763M01028,NSE
Metro Brands Limited,,METROBRAND,EQ,INE317I01021,NSE
Metroglobal Limited,,METROGLOBL,EQ,INE085D01033,NSE
Metropolis Healthcare Limited,,METROPOLIS,EQ,INE112L01020,NSE
Mahalaxmi Fabric Mills Limited,,MFML,EQ,INE0US801024,NSE
Max Financial Services Limited,Financial Services,MFSL,EQ,INE180A01020,NSE
Mahanagar Gas Limited,Oil Gas & Consumable Fuels,MGL,EQ,INE002S01010,NSE
Mahalaxmi Rubtech Limited,,MHLXMIRU,EQ,INE112D01035,NSE
Mahindra Holidays & Resorts India Limited,,MHRIL,EQ,INE998I01010,NSE
Mishra Dhatu Nigam Limited,,MIDHANI,EQ,INE099Z01011,NSE
Midwest Limited,,MIDWESTLTD,EQ,INE0XAD01024,NSE
Minda Corporation Limited,Automobile and Auto Components,MINDACORP,EQ,INE842C01021,NSE
Mindteck (India) Limited,,MINDTECK,EQ,INE110B01017,NSE
Mirza International Limited,,MIRZAINT,EQ,INE771A01026,NSE
Mittal Life Style Limited,,MITTAL,EQ,INE997Y01027,NSE
M K Proteins Limited,,MKPL,EQ,INE964W01021,NSE
MM Forgings Limited,,MMFL,EQ,INE227C01017,NSE
MMP Industries Limited,,MMP,EQ,INE511Y01018,NSE
MMTC Limited,Services,MMTC,EQ,INE123F01029,NSE
Media Matrix Worldwide Limited,,MMWL,EQ,INE200D01020,NSE
One Mobikwik Systems Limited,,MOBIKWIK,EQ,INE0HLU01028,NSE
Modi Rubber Limited,,MODIRUBBER,EQ,INE832A01018,NSE
Modis Navnirman Limited,,MODIS,EQ,INE0L0L01012,NSE
Modern Threads (India) Limited,,MODTHREAD,EQ,INE794W01014,NSE
Mohit Industries Limited,,MOHITIND,EQ,INE954E01012,NSE
MOIL Limited,,MOIL,EQ,INE490G01020,NSE
Moksh Ornaments Limited,,MOKSH,EQ,INE514Y01020,NSE
Meghmani Organics Limited,,MOL,EQ,INE0CT101020,NSE
Mold-Tek Packaging Limited,,MOLDTKPAC,EQ,INE893J01029,NSE
Monarch Networth Capital Limited,,MONARCH,EQ,INE903D01011,NSE
Moneyboxx Finance Limited,,MONEYBOXX,EQ,INE296Q01012,NSE
Monte Carlo Fashions Limited,,MONTECARLO,EQ,INE950M01013,NSE
Morepen Laboratories Limited,,MOREPENLAB,EQ,INE083A01026,NSE
Moschip Technologies Limited,,MOSCHIP,EQ,INE935B01025,NSE
Samvardhana Motherson International Limited,Automobile and Auto Components,MOTHERSON,EQ,INE775A01035,NSE
Motilal Oswal Financial Services Limited,Financial Services,MOTILALOFS,EQ,INE338I01027,NSE
Motisons Jewellers Limited,,MOTISONS,EQ,INE0FRK01020,NSE
MphasiS Limited,Information Technology,MPHASIS,EQ,INE356A01018,NSE
MPS Limited,,MPSLTD,EQ,INE943D01017,NSE
MRF Limited,Automobile and Auto Components,MRF,EQ,INE883A01011,NSE
Mangalore Refinery and Petrochemicals Limited,Oil Gas & Consumable Fuels,MRPL,EQ,INE103A01014,NSE
MSP Steel & Power Limited,,MSPL,EQ,INE752G01015,NSE
Mstc Limited,,MSTCLTD,EQ,INE255X01014,NSE
Motherson Sumi Wiring India Limited,Automobile and Auto Components,MSUMI,EQ,INE0FS801015,NSE
Mahanagar Telephone Nigam Limited,,MTNL,EQ,INE153A01019,NSE
Mufin Green Finance Limited,,MUFIN,EQ,INE08KJ01020,NSE
Credo Brands Marketing Limited,,MUFTI,EQ,INE220Q01020,NSE
Mukand Limited,,MUKANDLTD,EQ,INE304A01026,NSE
Mukka Proteins Limited,,MUKKA,EQ,INE0CG401037,NSE
Munjal Auto Industries Limited,,MUNJALAU,EQ,INE672B01032,NSE
Munjal Showa Limited,,MUNJALSHOW,EQ,INE577A01027,NSE
Murudeshwar Ceramics Limited,,MURUDCERA,EQ,INE692B01014,NSE
Muthoot Capital Services Limited,,MUTHOOTCAP,EQ,INE296G01013,NSE
Muthoot Finance Limited,Financial Services,MUTHOOTFIN,EQ,INE414G01012,NSE
Muthoot Microfin Limited,,MUTHOOTMF,EQ,INE046W01019,NSE
MV Electrosystems Limited,,MVELECTRO,EQ,INE0OWZ01020,NSE
Manoj Vaibhav Gems N Jewellers Limited,,MVGJL,EQ,INE0KNT01012,NSE
Mangalam Worldwide Limited,,MWL,EQ,INE0JYY01029,NSE
NACL Industries Limited,,NACLIND,EQ,INE295D01020,NSE
Nagreeka Capital & Infrastructure Limited,,NAGREEKCAP,EQ,INE245I01016,NSE
Nagreeka Exports Limited,,NAGREEKEXP,EQ,INE123B01028,NSE
Nahar Capital and Financial Services Limited,,NAHARCAP,EQ,INE049I01012,NSE
Nahar Industrial Enterprises Limited,,NAHARINDUS,EQ,INE289A01011,NSE
Nahar Poly Films Limited,,NAHARPOLY,EQ,INE308A01027,NSE
Nahar Spinning Mills Limited,,NAHARSPING,EQ,INE290A01027,NSE
Nippon Life India Asset Management Limited,Financial Services,NAM-INDIA,EQ,INE298J01013,NSE
Narmada Agrobase Limited,,NARMADA,EQ,INE117Z01029,NSE
Natural Capsules Limited,,NATCAPSUQ,EQ,INE936B01015,NSE
Natco Pharma Limited,Healthcare,NATCOPHARM,EQ,INE987B01026,NSE
Nath Bio-Genes (India) Limited,,NATHBIOGEN,EQ,INE448G01010,NSE
National Aluminium Company Limited,Metals & Mining,NATIONALUM,EQ,INE139A01034,NSE
National Standard (India) Limited,,NATIONSTD,EQ,INE166R01015,NSE
Info Edge (India) Limited,Consumer Services,NAUKRI,EQ,INE663F01032,NSE
NAVA LIMITED,Power,NAVA,EQ,INE725A01030,NSE
Navin Fluorine International Limited,Chemicals,NAVINFLUOR,EQ,INE048G01026,NSE
Navkar Corporation Limited,,NAVKARCORP,EQ,INE278M01019,NSE
Navneet Education Limited,,NAVNETEDUL,EQ,INE060A01024,NSE
Nazara Technologies Limited,,NAZARA,EQ,INE418L01047,NSE
NBCC (India) Limited,Construction,NBCC,EQ,INE095N01031,NSE
N. B. I. Industrial Finance Company Limited,,NBIFIN,EQ,INE365I01020,NSE
NCC Limited,Construction,NCC,EQ,INE868B01028,NSE
NCL Industries Limited,,NCLIND,EQ,INE732C01016,NSE
Naga Dhunseri Group Limited,,NDGL,EQ,INE756C01015,NSE
Nandan Denim Limited,,NDL,EQ,INE875G01048,NSE
NDL Ventures Limited,,NDLVENTURE,EQ,INE353A01023,NSE
Ndr Auto Components Limited,,NDRAUTO,EQ,INE07OG01012,NSE
New Delhi Television Limited,,NDTV,EQ,INE155G01029,NSE
Neelamalai Agro Industries Limited,,NEAGI,EQ,INE605D01012,NSE
Nelcast Limited,,NELCAST,EQ,INE189I01024,NSE
NELCO Limited,,NELCO,EQ,INE045B01015,NSE
Neogen Chemicals Limited,,NEOGEN,EQ,INE136S01016,NSE
Nephrocare Health Services Limited,,NEPHROPLUS,EQ,INE428V01029,NSE
Nesco Limited,,NESCO,EQ,INE317F01035,NSE
Nestle India Limited,Fast Moving Consumer Goods,NESTLEIND,EQ,INE239A01024,NSE
Netweb Technologies India Limited,Information Technology,NETWEB,EQ,INE0NT901020,NSE
Network18 Media & Investments Limited,,NETWORK18,EQ,INE870H01013,NSE
Neuland Laboratories Limited,Healthcare,NEULANDLAB,EQ,INE794A01010,NSE
Newgen Software Technologies Limited,Information Technology,NEWGEN,EQ,INE619B01017,NSE
Next Mediaworks Limited,,NEXTMEDIA,EQ,INE747B01016,NSE
National Fertilizers Limited,,NFL,EQ,INE870D01012,NSE
NGL Fine-Chem Limited,,NGLFINE,EQ,INE887E01022,NSE
Narayana Hrudayalaya Ltd.,Healthcare,NH,EQ,INE410P01011,NSE
NHPC Limited,Power,NHPC,EQ,INE848E01016,NSE
The New India Assurance Company Limited,Financial Services,NIACL,EQ,INE470Y01017,NSE
NIBE Limited,,NIBE,EQ,INE149O01018,NSE
NRB Industrial Bearings Limited,,NIBL,EQ,INE047O01014,NSE
NIIT Limited,,NIITLTD,EQ,INE161A01038,NSE
NIIT Learning Systems Limited,,NIITMTS,EQ,INE342G01023,NSE
Nila Infrastructures Limited,,NILAINFRA,EQ,INE937C01029,NSE
Nila Spaces Limited,,NILASPACES,EQ,INE00S901012,NSE
Nile Limited,,NILE,EQ,INE445D01013,NSE
Nilkamal Limited,,NILKAMAL,EQ,INE310A01015,NSE
Nimbus Projects Limited,,NIMBSPROJ,EQ,INE875B01015,NSE
NINtec Systems Limited,,NINSYS,EQ,INE395U01014,NSE
Indo-National Limited,,NIPPOBATRY,EQ,INE567A01028,NSE
Niraj Ispat Industries Limited,,NIRAJISPAT,EQ,INE326T01011,NSE
Nirlon Limited,,NIRLON,EQ,INE910A01012,NSE
Nitco Limited,,NITCO,EQ,INE858F01012,NSE
Nitin Spinners Limited,,NITINSPIN,EQ,INE229H01012,NSE
Nitiraj Engineers Limited,,NITIRAJ,EQ,INE439T01012,NSE
Nitta Gelatin India Limited,,NITTAGELA,EQ,INE265B01019,NSE
Niva Bupa Health Insurance Company Limited,Financial Services,NIVABUPA,EQ,INE995S01015,NSE
NK Industries Limited,,NKIND,EQ,INE542C01019,NSE
NLC India Limited,Power,NLCINDIA,EQ,INE589A01014,NSE
NMDC Limited,Metals & Mining,NMDC,EQ,INE584A01023,NSE
NOCIL Limited,,NOCIL,EQ,INE163A01018,NSE
Norben Tea & Exports Limited,,NORBTEAEXP,EQ,INE369C01017,NSE
Northern Arc Capital Limited,,NORTHARC,EQ,INE850M01015,NSE
Novartis India Limited,,NOVARTIND,EQ,INE234A01025,NSE
Network People Services Technologies Limited,,NPST,EQ,INE0FFK01017,NSE
N R Agarwal Industries Limited,,NRAIL,EQ,INE740D01017,NSE
NRB Bearing Limited,,NRBBEARING,EQ,INE349A01021,NSE
Nalwa Sons Investments Limited,,NSIL,EQ,INE023A01030,NSE
NMDC Steel Limited,Metals & Mining,NSLNISP,EQ,INE0NNS01018,NSE
NTPC Limited,Power,NTPC,EQ,INE733E01010,NSE
NTPC Green Energy Limited,Power,NTPCGREEN,EQ,INE0ONG01011,NSE
Nucleus Software Exports Limited,,NUCLEUS,EQ,INE096B01018,NSE
Nuvama Wealth Management Limited,Financial Services,NUVAMA,EQ,INE531F01023,NSE
Nuvoco Vistas Corporation Limited,Construction Materials,NUVOCO,EQ,INE118D01016,NSE
FSN E-Commerce Ventures Limited,Consumer Services,NYKAA,EQ,INE388Y01029,NSE
Oriental Aromatics Limited,,OAL,EQ,INE959C01023,NSE
OBCL Limited,,OBCL,EQ,INE426Z01016,NSE
Oberoi Realty Limited,Realty,OBEROIRLTY,EQ,INE093I01010,NSE
Odigma Consultancy Solutions Limited,,ODIGMA,EQ,INE054301028,NSE
Oracle Financial Services Software Limited,Information Technology,OFSS,EQ,INE881D01027,NSE
Oil India Limited,Oil Gas & Consumable Fuels,OIL,EQ,INE274J01014,NSE
Ola Electric Mobility Limited,Automobile and Auto Components,OLAELEC,EQ,INE0LXG01040,NSE
Olectra Greentech Limited,Automobile and Auto Components,OLECTRA,EQ,INE260D01016,NSE
Omax Autos Limited,,OMAXAUTO,EQ,INE090B01011,NSE
Omaxe Limited,,OMAXE,EQ,INE800H01010,NSE
OM INFRA LIMITED,,OMINFRAL,EQ,INE239D01028,NSE
Omnitech Engineering Limited,,OMNI,EQ,INE0UH301010,NSE
Om Power Transmission Limited,,OMPOWER,EQ,INE25E901019,NSE
One Point One Solutions Limited,,ONEPOINT,EQ,INE840Y01029,NSE
Onesource Specialty Pharma Limited,Healthcare,ONESOURCE,EQ,INE013P01021,NSE
Oil & Natural Gas Corporation Limited,Oil Gas & Consumable Fuels,ONGC,EQ,INE213A01029,NSE
Onida Electronics Limited,,ONIDA,EQ,INE831A01028,NSE
Onward Technologies Limited,,ONWARDTEC,EQ,INE229A01017,NSE
Optiemus Infracom Limited,,OPTIEMUS,EQ,INE350C01017,NSE
Orchasp Limited,,ORCHASP,EQ,INE215B01022,NSE
Orchid Pharma Limited,,ORCHPHARMA,EQ,INE191A01027,NSE
Oricon Enterprises Limited,,ORICONENT,EQ,INE730A01022,NSE
Oriental Trimex Limited,,ORIENTALTL,EQ,INE998H01012,NSE
Orient Bell Limited,,ORIENTBELL,EQ,INE607D01018,NSE
Orient Cement Limited,,ORIENTCEM,EQ,INE876N01018,NSE
ORIENT CERATECH LIMITED,,ORIENTCER,EQ,INE569C01020,NSE
Orient Electric Limited,,ORIENTELEC,EQ,INE142Z01019,NSE
Oriental Hotels Limited,,ORIENTHOT,EQ,INE750A01020,NSE
Orient Paper & Industries Limited,,ORIENTPPR,EQ,INE592A01026,NSE
Orient Technologies Limited,,ORIENTTECH,EQ,INE0PPK01015,NSE
The Orissa Minerals Development Company Limited,,ORISSAMINE,EQ,INE725E01024,NSE
Orkla India Limited,,ORKLAINDIA,EQ,INE16NZ01023,NSE
ORTIN GLOBAL LIMITED,,ORTINGLOBE,EQ,INE749B01020,NSE
Oswal Agro Mills Limited,,OSWALAGRO,EQ,INE142A01012,NSE
Oswal Greentech Limited,,OSWALGREEN,EQ,INE143A01010,NSE
Oswal Pumps Limited,,OSWALPUMPS,EQ,INE0BYP01024,NSE
ShreeOswal Seeds And Chemicals Limited,,OSWALSEEDS,EQ,INE00IK01029,NSE
Pace Digitek Limited,,PACEDIGITK,EQ,INE0S3G01027,NSE
Page Industries Limited,Textiles,PAGEIND,EQ,INE761H01022,NSE
Paisalo Digital Limited,,PAISALO,EQ,INE420C01059,NSE
PAKKA LIMITED,,PAKKA,EQ,INE551D01018,NSE
Palash Securities Limited,,PALASHSECU,EQ,INE471W01019,NSE
Panacea Biotec Limited,,PANACEABIO,EQ,INE922B01023,NSE
Panama Petrochem Limited,,PANAMAPET,EQ,INE305C01029,NSE
Pansari Developers Limited,,PANSARI,EQ,INE697V01011,NSE
Par Drugs And Chemicals Limited,,PAR,EQ,INE04LG01015,NSE
Paramount Communications Limited,,PARACABLES,EQ,INE074B01023,NSE
Paradeep Phosphates Limited,Chemicals,PARADEEP,EQ,INE088F01024,NSE
Parag Milk Foods Limited,,PARAGMILK,EQ,INE883N01014,NSE
Paras Defence and Space Technologies Limited,,PARAS,EQ,INE045601023,NSE
Paras Petrofils Limited,,PARASPETRO,EQ,INE162C01024,NSE
Park Medi World Limited,,PARKHOSPS,EQ,INE119201023,NSE
Apeejay Surrendra Park Hotels Limited,,PARKHOTELS,EQ,INE988S01028,NSE
Pashupati Cotspin Limited,,PASHUPATI,EQ,INE124Y01028,NSE
Patanjali Foods Limited,Fast Moving Consumer Goods,PATANJALI,EQ,INE619A01035,NSE
Patel Engineering Limited,,PATELENG,EQ,INE244B01030,NSE
Patel Retail Limited,,PATELRMART,EQ,INE0R8B01010,NSE
Paushak Limited,,PAUSHAKLTD,EQ,INE111F01024,NSE
Pavna Industries Limited,,PAVNAIND,EQ,INE07S101038,NSE
One 97 Communications Limited,Financial Services,PAYTM,EQ,INE982J01020,NSE
PCBL Chemical Limited,Chemicals,PCBL,EQ,INE602A01031,NSE
PC Jeweller Limited,,PCJEWELLER,EQ,INE785M01021,NSE
Pudumjee Paper Products Limited,,PDMJEPAPER,EQ,INE865T01018,NSE
PDS Limited,,PDSL,EQ,INE111Q01021,NSE
Pearl Polymers Limited,,PEARLPOLY,EQ,INE844A01013,NSE
Pennar Industries Limited,,PENIND,EQ,INE932A01024,NSE
Persistent Systems Limited,Information Technology,PERSISTENT,EQ,INE262H01021,NSE
Petronet LNG Limited,Oil Gas & Consumable Fuels,PETRONET,EQ,INE347G01014,NSE
Power Finance Corporation Limited,Financial Services,PFC,EQ,INE134E01011,NSE
Pfizer Limited,Healthcare,PFIZER,EQ,INE182A01018,NSE
Prime Focus Limited,,PFOCUS,EQ,INE367G01038,NSE
PTC India Financial Services Limited,,PFS,EQ,INE560K01014,NSE
PG Electroplast Limited,Consumer Durables,PGEL,EQ,INE457L01029,NSE
Procter & Gamble Hygiene and Health Care Limited,,PGHH,EQ,INE179A01014,NSE
Procter & Gamble Health Limited,,PGHL,EQ,INE199A01012,NSE
Pearl Global Industries Limited,,PGIL,EQ,INE940H01022,NSE
The Phoenix Mills Limited,Realty,PHOENIXLTD,EQ,INE211B01039,NSE
Piccadily Agro Industries Limited,,PICCADIL,EQ,INE546C01010,NSE
Pidilite Industries Limited,Chemicals,PIDILITIND,EQ,INE318A01026,NSE
Power & Instrumentation (Gujarat) Limited,,PIGL,EQ,INE557Z01018,NSE
PI Industries Limited,Chemicals,PIIND,EQ,INE603J01030,NSE
Pilani Investment and Industries Corporation Limited,,PILANIINVS,EQ,INE417C01014,NSE
PIL ITALICA LIFESTYLE LIMITED,,PILITA,EQ,INE600A01035,NSE
Pine Labs Limited,Financial Services,PINELABS,EQ,INE15B701018,NSE
Pioneer Embroideries Limited,,PIONEEREMB,EQ,INE156C01018,NSE
Piramal Finance Limited,Financial Services,PIRAMALFIN,EQ,INE202B01038,NSE
Pitti Engineering Limited,,PITTIENG,EQ,INE450D01021,NSE
Pix Transmissions Limited,,PIXTRANS,EQ,INE751B01018,NSE
The Peria Karamalai Tea & Produce Company Limited,,PKTEA,EQ,INE431F01018,NSE
Plastiblends India Limited,,PLASTIBLEN,EQ,INE083C01022,NSE
Platinum Industries Limited,,PLATIND,EQ,INE0PT501018,NSE
Plaza Wires Limited,,PLAZACABLE,EQ,INE0INJ01017,NSE
Paul Merchants Limited,,PML,EQ,INE291E01019,NSE
Punjab National Bank,Financial Services,PNB,EQ,INE160A01022,NSE
PNB Gilts Limited,,PNBGILTS,EQ,INE859A01011,NSE
PNB Housing Finance Limited,Financial Services,PNBHOUSING,EQ,INE572E01012,NSE
Pritish Nandy Communications Limited,,PNC,EQ,INE392B01011,NSE
PNC Infratech Limited,,PNCINFRA,EQ,INE195J01029,NSE
P N Gadgil Jewellers Limited,,PNGJL,EQ,INE953R01016,NSE
PNGS Reva Diamond Jewellery Limited,,PNGSREVA,EQ,INE1RDG01013,NSE
Pondy Oxides & Chemicals Limited,,POCL,EQ,INE063E01061,NSE
Poddar Pigments Limited,,PODDARMENT,EQ,INE371C01013,NSE
Pokarna Limited,,POKARNA,EQ,INE637C01025,NSE
PB Fintech Limited,Financial Services,POLICYBZR,EQ,INE417T01026,NSE
Polycab India Limited,Capital Goods,POLYCAB,EQ,INE455K01017,NSE
Poly Medicure Limited,Healthcare,POLYMED,EQ,INE205C01021,NSE
Polyplex Corporation Limited,,POLYPLEX,EQ,INE633B01018,NSE
Ponni Sugars (Erode) Limited,,PONNIERODE,EQ,INE838E01017,NSE
Poonawalla Fincorp Limited,Financial Services,POONAWALLA,EQ,INE511C01022,NSE
Power Grid Corporation of India Limited,Power,POWERGRID,EQ,INE752E01010,NSE
Powerica Limited,,POWERICA,EQ,INE921L01032,NSE
Hitachi Energy India Limited,Capital Goods,POWERINDIA,EQ,INE07Y701011,NSE
Power Mech Projects Limited,,POWERMECH,EQ,INE211R01019,NSE
Piramal Pharma Limited,Healthcare,PPLPHARMA,EQ,INE0DK501011,NSE
Prabha Energy Limited,,PRABHA,EQ,INE0I0M01023,NSE
Prajay Engineers Syndicate Limited,,PRAENG,EQ,INE505C01016,NSE
Praj Industries Limited,,PRAJIND,EQ,INE074A01025,NSE
Prakash Industries Limited,,PRAKASH,EQ,INE603A01013,NSE
Prakash Steelage Limited,,PRAKASHSTL,EQ,INE696K01024,NSE
Praveg Limited,,PRAVEG,EQ,INE722B01019,NSE
Praxis Home Retail Limited,,PRAXIS,EQ,INE546Y01022,NSE
Precision Camshafts Limited,,PRECAM,EQ,INE484I01029,NSE
Precot Limited,,PRECOT,EQ,INE283A01014,NSE
Precision Wires India Limited,,PRECWIRE,EQ,INE372C01037,NSE
Premco Global Limited,,PREMCO,EQ,INE001E01012,NSE
Premier Explosives Limited,,PREMEXPLN,EQ,INE863B01029,NSE
Premier Energies Limited,Capital Goods,PREMIERENE,EQ,INE0BS701011,NSE
Premier Polyfilm Limited,,PREMIERPOL,EQ,INE309M01020,NSE
Prestige Estates Projects Limited,Realty,PRESTIGE,EQ,INE811K01011,NSE
Pricol Limited,,PRICOLLTD,EQ,INE726V01018,NSE
Prime Securities Limited,,PRIMESECU,EQ,INE032B01021,NSE
Primo Chemicals Limited,,PRIMO,EQ,INE607A01022,NSE
Prince Pipes And Fittings Limited,,PRINCEPIPE,EQ,INE689W01016,NSE
Privi Speciality Chemicals Limited,,PRIVISCL,EQ,INE959A01019,NSE
Prostarm Info Systems Limited,,PROSTARM,EQ,INE0BX301013,NSE
Protean eGov Technologies Limited,,PROTEAN,EQ,INE004A01022,NSE
Prozone Realty Limited,,PROZONER,EQ,INE195N01013,NSE
Prism Johnson Limited,,PRSMJOHNSN,EQ,INE010A01011,NSE
Prudent Corporate Advisory Services Limited,,PRUDENT,EQ,INE00F201020,NSE
Punjab & Sind Bank,,PSB,EQ,INE608A01012,NSE
PSP Projects Limited,,PSPPROJECT,EQ,INE488V01015,NSE
PTC India Limited,,PTC,EQ,INE877F01012,NSE
PTC Industries Limited,Capital Goods,PTCIL,EQ,INE596F01018,NSE
PTL Enterprises Limited,,PTL,EQ,INE034D01049,NSE
Punjab Chemicals & Crop Protection Limited,,PUNJABCHEM,EQ,INE277B01014,NSE
Puravankara Limited,,PURVA,EQ,INE323I01011,NSE
PVP Ventures Limited,,PVP,EQ,INE362A01016,NSE
PVR INOX Limited,Media Entertainment & Publication,PVRINOX,EQ,INE191H01014,NSE
Popular Vehicles and Services Limited,,PVSL,EQ,INE772T01024,NSE
Physicswallah Limited,Consumer Services,PWL,EQ,INE0LP301011,NSE
Pyramid Technoplast Limited,,PYRAMID,EQ,INE0MIS01010,NSE
QMS Medical Allied Services Limited,,QMSMEDI,EQ,INE0FMW01018,NSE
Quality Power Electrical Equipments Limited,,QPOWER,EQ,INE0SII01026,NSE
Quadrant Future Tek Limited,,QUADFUTURE,EQ,INE0LRY01011,NSE
Quess Corp Limited,,QUESS,EQ,INE615P01015,NSE
Quint Digital Limited,,QUINT,EQ,INE641R01017,NSE
Race Eco Chain Limited,,RACE,EQ,INE084Q01012,NSE
RACL Geartech Limited,,RACLGEAR,EQ,INE704B01017,NSE
Radaan Mediaworks India Limited,,RADAAN,EQ,INE874F01027,NSE
Radhika Jeweltech Limited,,RADHIKAJWE,EQ,INE583V01021,NSE
Radiant Cash Management Services Limited,,RADIANTCMS,EQ,INE855R01021,NSE
Radico Khaitan Limited,Fast Moving Consumer Goods,RADICO,EQ,INE944F01028,NSE
Music Broadcast Limited,,RADIOCITY,EQ,INE919I01024,NSE
Railtel Corporation Of India Limited,Telecommunication,RAILTEL,EQ,INE0DD101019,NSE
Rain Industries Limited,,RAIN,EQ,INE855B01025,NSE
Rainbow Childrens Medicare Limited,Healthcare,RAINBOW,EQ,INE961O01016,NSE
Rajnandini Metal Limited,,RAJMET,EQ,INE00KV01022,NSE
Rajapalayam Mills Limited,,RAJPALAYAM,EQ,INE296E01026,NSE
Rajratan Global Wire Limited,,RAJRATAN,EQ,INE451D01029,NSE
Rajshree Sugars & Chemicals Limited,,RAJSREESUG,EQ,INE562B01019,NSE
Raj Television Network Limited,,RAJTV,EQ,INE952H01027,NSE
Rallis India Limited,,RALLIS,EQ,INE613A01020,NSE
Shree Rama Newsprint Limited,,RAMANEWS,EQ,INE278B01020,NSE
Rama Phosphates Limited,,RAMAPHO,EQ,INE809A01032,NSE
Advit Jewels Limited,,RAMBHAJO,EQ,INE1SJO01012,NSE
The Ramco Cements Limited,Construction Materials,RAMCOCEM,EQ,INE331A01037,NSE
Ramco Industries Limited,,RAMCOIND,EQ,INE614A01028,NSE
Ramco Systems Limited,,RAMCOSYS,EQ,INE246B01019,NSE
Ramky Infrastructure Limited,,RAMKY,EQ,INE874I01013,NSE
Ram Ratna Wires Limited,,RAMRAT,EQ,INE207E01023,NSE
Rana Sugars Limited,,RANASUG,EQ,INE625B01014,NSE
Rane Holdings Limited,,RANEHOLDIN,EQ,INE384A01010,NSE
Rategain Travel Technologies Limited,,RATEGAIN,EQ,INE0CLI01024,NSE
Ratnamani Metals & Tubes Limited,,RATNAMANI,EQ,INE703B01027,NSE
Ratnaveer Precision Engineering Limited,,RATNAVEER,EQ,INE05CZ01011,NSE
Raymond Limited,,RAYMOND,EQ,INE301A01014,NSE
Raymond Lifestyle Limited,,RAYMONDLSL,EQ,INE02ID01020,NSE
Raymond Realty Limited,,RAYMONDREL,EQ,INE1SY401010,NSE
Restaurant Brands Asia Limited,,RBA,EQ,INE07T201019,NSE
RBL Bank Limited,Financial Services,RBLBANK,EQ,INE976G01028,NSE
RBZ Jewellers Limited,,RBZJEWEL,EQ,INE0PEQ01016,NSE
Rashtriya Chemicals and Fertilizers Limited,,RCF,EQ,INE027A01015,NSE
REC Limited,Financial Services,RECLTD,EQ,INE020B01018,NSE
Redington Limited,Services,REDINGTON,EQ,INE891D01026,NSE
Redtape Limited,,REDTAPE,EQ,INE0LXT01019,NSE
Refex Industries Limited,,REFEX,EQ,INE056I01025,NSE
Regency Ceramics Limited,,REGENCERAM,EQ,INE277C01012,NSE
Relaxo Footwears Limited,,RELAXO,EQ,INE131B01039,NSE
Reliance Chemotex Industries Limited,,RELCHEMQ,EQ,INE750D01016,NSE
Reliable Data Services Limited,,RELIABLE,EQ,INE375Y01018,NSE
Reliance Industries Limited,Oil Gas & Consumable Fuels,RELIANCE,EQ,INE002A01018,NSE
Religare Enterprises Limited,,RELIGARE,EQ,INE621H01010,NSE
Ravindra Energy Limited,,RELTD,EQ,INE206N01018,NSE
Remsons Industries Limited,,REMSONSIND,EQ,INE474C01023,NSE
Shree Renuka Sugars Limited,,RENUKA,EQ,INE087H01022,NSE
Repco Home Finance Limited,,REPCOHOME,EQ,INE612J01015,NSE
Repro India Limited,,REPRO,EQ,INE461B01014,NSE
Responsive Industries Limited,,RESPONIND,EQ,INE688D01026,NSE
JHS Svendgaard Retail Ventures Limited,,RETAIL,EQ,INE03DD01011,NSE
Renaissance Global Limited,,RGL,EQ,INE722H01024,NSE
Rhetan TMT Limited,,RHETAN,EQ,INE0KKN01029,NSE
RHI MAGNESITA INDIA LIMITED,Capital Goods,RHIM,EQ,INE743M01012,NSE
Robust Hotels Limited,,RHL,EQ,INE508K01013,NSE
Rico Auto Industries Limited,,RICOAUTO,EQ,INE209B01025,NSE
Reliance Industrial Infrastructure Limited,,RIIL,EQ,INE046A01015,NSE
RIR Power Electronics Limited,,RIR,EQ,INE302D01024,NSE
Rishabh Instruments Limited,,RISHABH,EQ,INE0N2P01017,NSE
Ritco Logistics Limited,,RITCO,EQ,INE01EG01016,NSE
RITES Limited,Construction,RITES,EQ,INE320J01015,NSE
Ravi Kumar Distilleries Limited,,RKDL,EQ,INE722J01012,NSE
RKEC Projects Limited,,RKEC,EQ,INE786W01010,NSE
Ramkrishna Forgings Limited,Automobile and Auto Components,RKFORGE,EQ,INE399G01023,NSE
R K Swamy Limited,,RKSWAMY,EQ,INE0NQ801033,NSE
RMC Switchgears Limited,,RMC,EQ,INE655V01019,NSE
Rane (Madras) Limited,,RML,EQ,INE050H01012,NSE
R&B Denims Limited,,RNBDENIMS,EQ,INE012Q01039,NSE
Royal Orchid Hotels Limited,,ROHLTD,EQ,INE283H01019,NSE
Rolex Rings Limited,,ROLEXRINGS,EQ,INE645S01024,NSE
Raj Oil Mills Limited,,ROML,EQ,INE294G01026,NSE
Rossari Biotech Limited,,ROSSARI,EQ,INE02A801020,NSE
Rossell India Limited,,ROSSELLIND,EQ,INE847C01020,NSE
Rossell Techsys Limited,,ROSSTECH,EQ,INE0OJW01016,NSE
Roto Pumps Limited,,ROTO,EQ,INE535D01037,NSE
ROUTE MOBILE LIMITED,,ROUTE,EQ,INE450U01017,NSE
Raghav Productivity Enhancers Limited,,RPEL,EQ,INE912T01018,NSE
RPG Life Sciences Limited,,RPGLIFE,EQ,INE105J01010,NSE
Reliance Power Limited,Power,RPOWER,EQ,INE614G01033,NSE
R.P.P. Infra Projects Limited,,RPPINFRA,EQ,INE324L01013,NSE
RPSG VENTURES LIMITED,,RPSGVENT,EQ,INE425Y01011,NSE
Rashi Peripherals Limited,,RPTECH,EQ,INE0J1F01024,NSE
RRIL Limited,,RRIL,EQ,INE951M01037,NSE
R R Kabel Limited,Capital Goods,RRKABEL,EQ,INE777K01022,NSE
Rajputana Stainless Limited,,RSL,EQ,INE313L01016,NSE
R. S. Software (India) Limited,,RSSOFTWARE,EQ,INE165B01029,NSE
R Systems International Limited,,RSYSTEMS,EQ,INE411H01032,NSE
RattanIndia Enterprises Limited,,RTNINDIA,EQ,INE834M01019,NSE
RattanIndia Power Limited,,RTNPOWER,EQ,INE399K01017,NSE
Rubfila International Limited,,RUBFILA,EQ,INE642C01025,NSE
Rubicon Research Limited,,RUBICON,EQ,INE506V01022,NSE
Ruchi Infrastructure Limited,,RUCHINFRA,EQ,INE413B01023,NSE
Ruchira Papers Limited,,RUCHIRA,EQ,INE803H01014,NSE
Rudra Global Infra Products Limited,,RUDRA,EQ,INE027T01023,NSE
Rupa & Company Limited,,RUPA,EQ,INE895B01021,NSE
Rushil Decor Limited,,RUSHIL,EQ,INE573K01025,NSE
Keystone Realtors Limited,,RUSTOMJEE,EQ,INE263M01029,NSE
Ravinder Heights Limited,,RVHL,EQ,INE09E501017,NSE
Rail Vikas Nigam Limited,Construction,RVNL,EQ,INE415G01027,NSE
Revathi Equipment India Limited,,RVTH,EQ,INE0DAB01012,NSE
S&S Power Switchgears Limited,,S&SPOWER,EQ,INE902B01017,NSE
Saatvik Green Energy Limited,,SAATVIKGL,EQ,INE13B501022,NSE
Sadbhav Engineering Limited,,SADBHAV,EQ,INE226H01026,NSE
Safari Industries (India) Limited,,SAFARI,EQ,INE429E01023,NSE
Sagardeep Alloys Limited,,SAGARDEEP,EQ,INE976T01013,NSE
Sagar Cements Limited,,SAGCEM,EQ,INE229C01021,NSE
SAGILITY LIMITED,Information Technology,SAGILITY,EQ,INE0W2G01015,NSE
Shalibhadra Finance Limited,,SAHLIBHFI,EQ,INE861D01011,NSE
Sahyadri Industries Limited,,SAHYADRI,EQ,INE280H01015,NSE
Steel Authority of India Limited,Metals & Mining,SAIL,EQ,INE114A01011,NSE
Sai Life Sciences Limited,Healthcare,SAILIFE,EQ,INE570L01029,NSE
Sai Parenterals Limited,,SAIPARENT,EQ,INE0H9F01037,NSE
Sakar Healthcare Limited,,SAKAR,EQ,INE732S01012,NSE
Sakthi Sugars Limited,,SAKHTISUG,EQ,INE623A01011,NSE
Saksoft Limited,,SAKSOFT,EQ,INE667G01023,NSE
Sakuma Exports Limited,,SAKUMA,EQ,INE190H01024,NSE
Salasar Techno Engineering Limited,,SALASAR,EQ,INE170V01027,NSE
Salona Cotspin Limited,,SALONA,EQ,INE498E01010,NSE
S.A.L. Steel Limited,,SALSTEEL,EQ,INE658G01014,NSE
Salzer Electronics Limited,,SALZERELEC,EQ,INE457F01013,NSE
Sambhaav Media Limited,,SAMBHAAV,EQ,INE699B01027,NSE
Sambhv Steel Tubes Limited,,SAMBHV,EQ,INE12NJ01018,NSE
Samhi Hotels Limited,,SAMHI,EQ,INE08U801020,NSE
Sammaan Capital Limited,Financial Services,SAMMAANCAP,EQ,INE148I01020,NSE
Sampann Utpadan India Limited,,SAMPANN,EQ,INE735M01018,NSE
Sanathan Textiles Limited,,SANATHAN,EQ,INE0JPD01013,NSE
The Sandesh Limited,,SANDESH,EQ,INE583B01015,NSE
Sandhar Technologies Limited,,SANDHAR,EQ,INE278H01035,NSE
Sandur Manganese & Iron Ores Limited,,SANDUMA,EQ,INE149K01016,NSE
Sangam (India) Limited,,SANGAMIND,EQ,INE495C01010,NSE
Sanghvi Movers Limited,,SANGHVIMOV,EQ,INE989A01032,NSE
Sanofi India Limited,,SANOFI,EQ,INE058A01010,NSE
Sanofi Consumer Healthcare India Limited,,SANOFICONR,EQ,INE0UOS01011,NSE
Sansera Engineering Limited,,SANSERA,EQ,INE953O01021,NSE
Sanstar Limited,,SANSTAR,EQ,INE08NE01025,NSE
Sapphire Foods India Limited,Consumer Services,SAPPHIRE,EQ,INE806T01020,NSE
Shree Ajit Pulp & Paper Limited,,SAPPL,EQ,INE185C01017,NSE
Sarda Energy & Minerals Limited,Metals & Mining,SARDAEN,EQ,INE385C01021,NSE
Saregama India Limited,Media Entertainment & Publication,SAREGAMA,EQ,INE979A01025,NSE
Sarla Performance Fibers Limited,,SARLAPOLY,EQ,INE453D01025,NSE
Sarveshwar Foods Limited,,SARVESHWAR,EQ,INE324X01026,NSE
Sasken Technologies Limited,,SASKEN,EQ,INE231F01020,NSE
Satia Industries Limited,,SATIA,EQ,INE170E01023,NSE
Satin Creditcare Network Limited,,SATIN,EQ,INE836B01017,NSE
Saurashtra Cement Limited,,SAURASHCEM,EQ,INE626A01014,NSE
Sayaji Hotels Limited,,SAYAJIHOTL,EQ,INE318C01014,NSE
SBC Exports Limited,,SBC,EQ,INE04AK01028,NSE
Shivalik Bimetal Controls Limited,,SBCL,EQ,INE386D01027,NSE
SBFC Finance Limited,Financial Services,SBFC,EQ,INE423Y01016,NSE
Suratwwala Business Group Limited,,SBGLP,EQ,INE05ST01028,NSE
SBI Cards and Payment Services Limited,Financial Services,SBICARD,EQ,INE018E01016,NSE
SBI Funds Management Limited,,SBIFUNDS,EQ,INE640G01020,NSE
SBI Life Insurance Company Limited,Financial Services,SBILIFE,EQ,INE123W01016,NSE
State Bank of India,Financial Services,SBIN,EQ,INE062A01020,NSE
Schaeffler India Limited,Automobile and Auto Components,SCHAEFFLER,EQ,INE513A01022,NSE
S Chand And Company Limited,,SCHAND,EQ,INE807K01035,NSE
Schneider Electric Infrastructure Limited,Capital Goods,SCHNEIDER,EQ,INE839M01018,NSE
Shipping Corporation Of India Limited,Services,SCI,EQ,INE109A01011,NSE
Shipping Corporation of India Land and Assets Limited,,SCILAL,EQ,INE0PB301013,NSE
Scoda Tubes Limited,,SCODATUBES,EQ,INE090501011,NSE
Sheetal Cool Products Limited,,SCPL,EQ,INE501Y01019,NSE
Som Distilleries & Breweries Limited,,SDBL,EQ,INE480C01038,NSE
Seamec Limited,,SEAMECLTD,EQ,INE497B01018,NSE
SecMark Consultancy Limited,,SECMARK,EQ,INE0BTM01013,NSE
SECUREKLOUD TECHNOLOGIES LIMITED,,SECURKLOUD,EQ,INE650K01021,NSE
SEDEMAC Mechatronics Limited,,SEDEMAC,EQ,INE00XB01019,NSE
Shanti Educational Initiatives Limited,,SEIL,EQ,INE440T01028,NSE
Sejal Glass Limited,,SEJALLTD,EQ,INE955I01044,NSE
SEL Manufacturing Company Limited,,SELMC,EQ,INE105I01020,NSE
Senco Gold Limited,,SENCO,EQ,INE602W01027,NSE
Senores Pharmaceuticals Limited,,SENORES,EQ,INE0RB801010,NSE
SEPC Limited,,SEPC,EQ,INE964H01014,NSE
Servotech Renewable Power System Limited,,SERVOTECH,EQ,INE782X01033,NSE
Seshasayee Paper and Boards Limited,,SESHAPAPER,EQ,INE630A01024,NSE
Standard Engineering Technology Limited,,SETL,EQ,INE0M4D01010,NSE
Sheela Foam Limited,,SFL,EQ,INE916U01025,NSE
SG Finserve Limited,,SGFIN,EQ,INE618R01015,NSE
Synergy Green Industries Limited,,SGIL,EQ,INE00QT01015,NSE
STL Global Limited,,SGL,EQ,INE353H01010,NSE
SG Mart Limited,,SGMART,EQ,INE385F01024,NSE
Shadowfax Technologies Limited,,SHADOWFAX,EQ,INE12UN01015,NSE
Shah Metacorp Limited,,SHAH,EQ,INE482J01021,NSE
Shah Alloys Limited,,SHAHALLOYS,EQ,INE640C01011,NSE
Shaily Engineering Plastics Limited,,SHAILY,EQ,INE151G01028,NSE
Shakti Pumps (India) Limited,,SHAKTIPUMP,EQ,INE908D01010,NSE
Shalby Limited,,SHALBY,EQ,INE597J01018,NSE
Shankara Building Products Limited,,SHANKARA,EQ,INE274V01019,NSE
Shanti Overseas (India) Limited,,SHANTI,EQ,INE933X01016,NSE
Shanthi Gears Limited,,SHANTIGEAR,EQ,INE631A01022,NSE
Shanti Gold International Limited,,SHANTIGOLD,EQ,INE06ZD01017,NSE
Sharda Cropchem Limited,,SHARDACROP,EQ,INE221J01015,NSE
Sharda Motor Industries Limited,,SHARDAMOTR,EQ,INE597I01028,NSE
Share India Securities Limited,,SHAREINDIA,EQ,INE932X01026,NSE
Shri Bajrang Alliance Limited,,SHBAJRG,EQ,INE402H01015,NSE
Shekhawati Industries Limited,,SHEKHAWATI,EQ,INE268L01046,NSE
Shilchar Technologies Limited,,SHILCTECH,EQ,INE024F01011,NSE
Shilpa Medicare Limited,,SHILPAMED,EQ,INE790G01031,NSE
Sharat Industries Limited,,SHINDL,EQ,INE220Z01013,NSE
Shiva Mills Limited,,SHIVAMILLS,EQ,INE644Y01017,NSE
Shiva Texyarn Limited,,SHIVATEX,EQ,INE705C01020,NSE
Shiv Aum Steels Limited,,SHIVAUM,EQ,INE719F01016,NSE
S H Kelkar and Company Limited,,SHK,EQ,INE500L01026,NSE
Shoppers Stop Limited,,SHOPERSTOP,EQ,INE498B01024,NSE
Shradha Realty Limited,,SHRADHA,EQ,INE715Y01031,NSE
Shree Digvijay Cement Co.Ltd,,SHREDIGCEM,EQ,INE232A01011,NSE
SHREE CEMENT LIMITED,Construction Materials,SHREECEM,EQ,INE070A01015,NSE
Shreeji Shipping Global Limited,,SHREEJISPG,EQ,INE1B6101010,NSE
Shree Pushkar Chemicals & Fertilisers Limited,,SHREEPUSHK,EQ,INE712K01011,NSE
Shree Rama Multi-Tech Limited,,SHREERAMA,EQ,INE879A01019,NSE
Shreyans Industries Limited,,SHREYANIND,EQ,INE231C01019,NSE
Shri Krishna Devcon Limited,,SHRIKRISH,EQ,INE997I01012,NSE
Shringar House of Mangalsutra Limited,,SHRINGARMS,EQ,INE1B3L01017,NSE
SPR Auto Technologies Limited,,SHRIPISTON,EQ,INE526E01018,NSE
Shriram Finance Limited,Financial Services,SHRIRAMFIN,EQ,INE721A01047,NSE
Shriram Properties Limited,,SHRIRAMPPS,EQ,INE217L01019,NSE
Shukra Pharmaceuticals Limited,,SHUKRAPHAR,EQ,INE551C01044,NSE
Shyam Metalics and Energy Limited,Capital Goods,SHYAMMETL,EQ,INE810G01011,NSE
Sicagen India Limited,,SICAGEN,EQ,INE176J01011,NSE
Siemens Limited,Capital Goods,SIEMENS,EQ,INE003A01024,NSE
Signet Industries Limited,,SIGIND,EQ,INE529F01035,NSE
Sigma Solve Limited,,SIGMA,EQ,INE0A0S01028,NSE
Signatureglobal (India) Limited,Realty,SIGNATURE,EQ,INE903U01023,NSE
Signpost India Limited,,SIGNPOST,EQ,INE0KGZ01021,NSE
Sika Interplant Systems Limited,,SIKA,EQ,INE438E01032,NSE
Standard Industries Limited,,SIL,EQ,INE173A01025,NSE
Silgo Retail Limited,,SILGO,EQ,INE01II01013,NSE
SIL Investments Limited,,SILINV,EQ,INE923A01015,NSE
Silly Monks Entertainment Limited,,SILLYMONKS,EQ,INE203Y01012,NSE
Silver Touch Technologies Limited,,SILVERTUC,EQ,INE625X01026,NSE
Simplex Infrastructures Limited,,SIMPLEXINF,EQ,INE059B01024,NSE
Sinclairs Hotels Limited,,SINCLAIR,EQ,INE985A01022,NSE
Sindhu Trade Links Limited,,SINDHUTRAD,EQ,INE325D01025,NSE
Singer India Limited,,SINGERIND,EQ,INE638A01035,NSE
Sintercom India Limited,,SINTERCOM,EQ,INE129Z01016,NSE
Sirca Paints India Limited,,SIRCA,EQ,INE792Z01011,NSE
SIS LIMITED,,SIS,EQ,INE285J01028,NSE
Siyaram Silk Mills Limited,,SIYSIL,EQ,INE076B01028,NSE
S.J.S. Enterprises Limited,,SJS,EQ,INE284S01014,NSE
SJVN Limited,Power,SJVN,EQ,INE002L01015,NSE
SKF India Limited,,SKFINDIA,EQ,INE640A01023,NSE
SKF India (Industrial) Limited,,SKFINDUS,EQ,INE2J8701016,NSE
Skipper Limited,,SKIPPER,EQ,INE439E01022,NSE
SKM Egg Products Export (India) Limited,,SKMEGGPROD,EQ,INE411D01023,NSE
SKY GOLD AND DIAMONDS LIMITED,,SKYGOLD,EQ,INE01IU01018,NSE
Smartworks Coworking Spaces Limited,,SMARTWORKS,EQ,INE0NAZ01010,NSE
SMC Global Securities Limited,,SMCGLOBAL,EQ,INE103C01036,NSE
SML Mahindra Limited,,SMLMAH,EQ,INE294B01019,NSE
Sarthak Metals Limited,,SMLT,EQ,INE017W01010,NSE
SMS Pharmaceuticals Limited,,SMSPHARMA,EQ,INE812G01025,NSE
Snowman Logistics Limited,,SNOWMAN,EQ,INE734N01019,NSE
Sobha Limited,Realty,SOBHA,EQ,INE671H01015,NSE
Softtech Engineers Limited,,SOFTTECH,EQ,INE728Z01015,NSE
Solara Active Pharma Sciences Limited,,SOLARA,EQ,INE624Z01016,NSE
Solar Industries India Limited,Chemicals,SOLARINDS,EQ,INE343H01029,NSE
Solarworld Energy Solutions Limited,,SOLARWORLD,EQ,INE0TY101024,NSE
Solex Energy Limited,,SOLEX,EQ,INE880Y01017,NSE
Somany Ceramics Limited,,SOMANYCERA,EQ,INE355A01028,NSE
Soma Textiles & Industries Limited,,SOMATEX,EQ,INE314C01013,NSE
Somi Conveyor Beltings Limited,,SOMICONVEY,EQ,INE323J01019,NSE
Sona BLW Precision Forgings Limited,Automobile and Auto Components,SONACOMS,EQ,INE073K01018,NSE
Sonal Mercantile Limited,,SONAL,EQ,INE321M01017,NSE
SONAM LIMITED,,SONAMLTD,EQ,INE00LM01029,NSE
Sonata Software Limited,Information Technology,SONATSOFTW,EQ,INE269A01021,NSE
Savita Oil Technologies Limited,,SOTL,EQ,INE035D01020,NSE
The South Indian Bank Limited,,SOUTHBANK,EQ,INE683A01023,NSE
South West Pinnacle Exploration Limited,,SOUTHWEST,EQ,INE980Y01015,NSE
S. P. Apparels Limited,,SPAL,EQ,INE212I01016,NSE
Spandana Sphoorty Financial Limited,,SPANDANA,EQ,INE572J01011,NSE
Sun Pharma Advanced Research Company Limited,,SPARC,EQ,INE232I01014,NSE
Spacenet Enterprises India Limited,,SPCENET,EQ,INE970N01027,NSE
Spencer's Retail Limited,,SPENCERS,EQ,INE020801028,NSE
Southern Petrochemicals Industries Corporation  Limited,,SPIC,EQ,INE147A01011,NSE
SPL Industries Limited,,SPLIL,EQ,INE978G01016,NSE
Supreme Petrochem Limited,Chemicals,SPLPETRO,EQ,INE663A01033,NSE
SPML Infra Limited,,SPMLINFRA,EQ,INE937A01023,NSE
Sportking India Limited,,SPORTKING,EQ,INE885H01029,NSE
Shankar Lal Rampal Dye-Chem Limited,,SRD,EQ,INE01NE01012,NSE
Sreeleathers Limited,,SREEL,EQ,INE099F01013,NSE
SRF Limited,Chemicals,SRF,EQ,INE647A01010,NSE
SRG Housing Finance Limited,,SRGHFL,EQ,INE559N01010,NSE
Sree Rayalaseema Hi-Strength Hypo Limited,,SRHHYPOLTD,EQ,INE917H01012,NSE
SRM Contractors Limited,,SRM,EQ,INE0R6Z01013,NSE
Shree Ram Twistex Limited,,SRTL,EQ,INE19GK01015,NSE
Saraswati Saree Depot Limited,,SSDL,EQ,INE0PQ101010,NSE
Steel Strips Wheels Limited,,SSWL,EQ,INE802C01033,NSE
Stanley Lifestyles Limited,,STANLEY,EQ,INE01A001028,NSE
Strides Pharma Science Limited,,STAR,EQ,INE939A01011,NSE
Star Cement Limited,,STARCEMENT,EQ,INE460H01021,NSE
Star Health and Allied Insurance Company Limited,Financial Services,STARHEALTH,EQ,INE575P01011,NSE
Star Paper Mills Limited,,STARPAPER,EQ,INE733A01018,NSE
Starteck Finance Limited,,STARTECK,EQ,INE992I01013,NSE
The State Trading Corporation of India Limited,,STCINDIA,EQ,INE655A01013,NSE
Steelcast Limited,,STEELCAS,EQ,INE124E01038,NSE
Steel City Securities Limited,,STEELCITY,EQ,INE395H01011,NSE
STEEL EXCHANGE INDIA LIMITED,,STEELXIND,EQ,INE503B01021,NSE
Stel Holdings Limited,,STEL,EQ,INE577L01016,NSE
STL Networks Limited,,STLNETWORK,EQ,INE1VXE01018,NSE
Stove Kraft Limited,,STOVEKRAFT,EQ,INE00IN01015,NSE
Studds Accessories Limited,,STUDDS,EQ,INE00Q601028,NSE
Seshaasai Technologies Limited,,STYL,EQ,INE04VU01023,NSE
Stylam Industries Limited,,STYLAMIND,EQ,INE239C01020,NSE
Baazar Style Retail Limited,,STYLEBAAZA,EQ,INE01FR01028,NSE
Styrenix Performance Materials Limited,,STYRENIX,EQ,INE189B01011,NSE
Subros Limited,,SUBROS,EQ,INE287B01021,NSE
Sudarshan Colorants India Limited,,SUDARCOLOR,EQ,INE492A01029,NSE
Sudarshan Chemical Industries Limited,,SUDARSCHEM,EQ,INE659A01023,NSE
Sudeep Pharma Limited,,SUDEEPPHRM,EQ,INE0QPI01025,NSE
Sukhjit Starch & Chemicals Limited,,SUKHJITS,EQ,INE450E01029,NSE
Sula Vineyards Limited,,SULA,EQ,INE142Q01026,NSE
Sumeet Industries Limited,,SUMEETINDS,EQ,INE235C01036,NSE
Sumitomo Chemical India Limited,Chemicals,SUMICHEM,EQ,INE258G01013,NSE
Sumit Woods Limited,,SUMIT,EQ,INE748Z01013,NSE
Summit Securities Limited,,SUMMITSEC,EQ,INE519C01017,NSE
Sundaram Clayton Limited,,SUNCLAY,EQ,INE0Q3R01026,NSE
Sundaram Multi Pap Limited,,SUNDARAM,EQ,INE108E01023,NSE
Sundaram Finance Limited,Financial Services,SUNDARMFIN,EQ,INE660A01013,NSE
Sundram Fasteners Limited,,SUNDRMFAST,EQ,INE387A01021,NSE
Sundrop Brands Limited,,SUNDROP,EQ,INE209A01019,NSE
Sunflag Iron And Steel Company Limited,,SUNFLAG,EQ,INE947A01014,NSE
Sun Pharmaceutical Industries Limited,Healthcare,SUNPHARMA,EQ,INE044A01036,NSE
Sunteck Realty Limited,,SUNTECK,EQ,INE805D01034,NSE
Sun TV Network Limited,Media Entertainment & Publication,SUNTV,EQ,INE424H01027,NSE
Superhouse Limited,,SUPERHOUSE,EQ,INE712B01010,NSE
Suprajit Engineering Limited,,SUPRAJIT,EQ,INE399C01030,NSE
Supreme Holdings & Hospitality (India) Limited,,SUPREME,EQ,INE822E01011,NSE
Supreme Industries Limited,Capital Goods,SUPREMEIND,EQ,INE195A01028,NSE
Supreme Infrastructure India Limited,,SUPREMEINF,EQ,INE550H01011,NSE
Supriya Lifescience Limited,,SUPRIYA,EQ,INE07RO01027,NSE
Suraj Estate Developers Limited,,SURAJEST,EQ,INE843S01025,NSE
Suraj Limited,,SURAJLTD,EQ,INE713C01016,NSE
Suraksha Diagnostic Limited,,SURAKSHA,EQ,INE877V01027,NSE
Surana Solar Limited,,SURANASOL,EQ,INE272L01022,NSE
Surana Telecom and Power Limited,,SURANAT&P,EQ,INE130B01031,NSE
Suryalata Spinning Mills Limited,,SURYALA,EQ,INE132C01027,NSE
Suryalakshmi Cotton Mills Limited,,SURYALAXMI,EQ,INE713B01026,NSE
Surya Roshni Limited,,SURYAROSNI,EQ,INE335A01020,NSE
Suryoday Small Finance Bank Limited,,SURYODAY,EQ,INE428Q01011,NSE
Suven Life Sciences Limited,,SUVEN,EQ,INE495B01038,NSE
Suvidhaa Infoserve Limited,,SUVIDHAA,EQ,INE018401013,NSE
Suyog Telematics Limited,,SUYOG,EQ,INE442P01014,NSE
Suzlon Energy Limited,Capital Goods,SUZLON,EQ,INE040H01021,NSE
SWAN CORP LIMITED,Chemicals,SWANCORP,EQ,INE665A01038,NSE
Swaraj Suiting Limited,,SWARAJ,EQ,INE0GMR01016,NSE
Swaraj Engines Limited,,SWARAJENG,EQ,INE277A01016,NSE
Swelect Energy Systems Limited,,SWELECTES,EQ,INE409B01013,NSE
Swiggy Limited,Consumer Services,SWIGGY,EQ,INE00H001014,NSE
Sterling and Wilson Renewable Energy Limited,,SWSOLAR,EQ,INE00M201021,NSE
Symphony Limited,,SYMPHONY,EQ,INE225D01027,NSE
Syncom Formulations (India) Limited,,SYNCOMF,EQ,INE312C01025,NSE
Syngene International Limited,Healthcare,SYNGENE,EQ,INE398R01022,NSE
Syrma SGS Technology Limited,Capital Goods,SYRMA,EQ,INE0DYJ01015,NSE
Taal Tech Limited,,TAALTECH,EQ,INE524T01011,NSE
Tainwala Chemical and Plastic (I) Limited,,TAINWALCHM,EQ,INE123C01018,NSE
Taj GVK Hotels & Resorts Limited,,TAJGVK,EQ,INE586B01026,NSE
TAKE Limited,,TAKE,EQ,INE142I01023,NSE
Talbros Automotive Components Limited,,TALBROAUTO,EQ,INE187D01029,NSE
Tanla Platforms Limited,,TANLA,EQ,INE483C01032,NSE
Tara Chand InfraLogistic Solutions Limited,,TARACHAND,EQ,INE555Z01020,NSE
Tarapur Transformers Limited,,TARAPUR,EQ,INE747K01017,NSE
TARC Limited,,TARC,EQ,INE0EK901012,NSE
Transformers And Rectifiers (India) Limited,Capital Goods,TARIL,EQ,INE763I01026,NSE
Tarmat Limited,,TARMAT,EQ,INE924H01018,NSE
Tarsons Products Limited,,TARSONS,EQ,INE144Z01023,NSE
Tasty Bite Eatables Limited,,TASTYBITE,EQ,INE488B01017,NSE
Tata Capital Limited,Financial Services,TATACAP,EQ,INE976I01016,NSE
Tata Chemicals Limited,Chemicals,TATACHEM,EQ,INE092A01019,NSE
Tata Communications Limited,Telecommunication,TATACOMM,EQ,INE151A01013,NSE
TATA CONSUMER PRODUCTS LIMITED,Fast Moving Consumer Goods,TATACONSUM,EQ,INE192A01025,NSE
Tata Elxsi Limited,Information Technology,TATAELXSI,EQ,INE670A01012,NSE
Tata Investment Corporation Limited,Financial Services,TATAINVEST,EQ,INE672A01026,NSE
Tata Power Company Limited,Power,TATAPOWER,EQ,INE245A01021,NSE
Tata Steel Limited,Metals & Mining,TATASTEEL,EQ,INE081A01020,NSE
Tata Technologies Limited,Information Technology,TATATECH,EQ,INE142M01025,NSE
Tatva Chintan Pharma Chem Limited,,TATVA,EQ,INE0GK401011,NSE
TBO Tek Limited,Consumer Services,TBOTEK,EQ,INE673O01025,NSE
Tribhovandas Bhimji Zaveri Limited,,TBZ,EQ,INE760L01018,NSE
TCC Concept Limited,,TCC,EQ,INE887D01016,NSE
Transport Corporation of India Limited,,TCI,EQ,INE688A01022,NSE
TCI Express Limited,,TCIEXP,EQ,INE586V01016,NSE
TCPL Packaging Limited,,TCPLPACK,EQ,INE822C01015,NSE
Tata Consultancy Services Limited,Information Technology,TCS,EQ,INE467B01029,NSE
TD Power Systems Limited,,TDPOWERSYS,EQ,INE419M01027,NSE
Team India Guaranty Limited,,TEAMGTY,EQ,INE289C01025,NSE
Teamlease Services Limited,,TEAMLEASE,EQ,INE985S01024,NSE
Tech Mahindra Limited,Information Technology,TECHM,EQ,INE669C01036,NSE
Technocraft Ventures Limited,,TECHNOCRAF,EQ,INE1D0W01018,NSE
Techno Electric & Engineering Company Limited,Construction,TECHNOE,EQ,INE285K01026,NSE
TechNVision Ventures Limited,,TECHNVISN,EQ,INE314H01012,NSE
TECIL Chemicals and Hydro Power Limited,,TECILCHEM,EQ,INE014B01011,NSE
Tega Industries Limited,Capital Goods,TEGA,EQ,INE011K01018,NSE
Tejas Networks Limited,Telecommunication,TEJASNET,EQ,INE010J01012,NSE
Tembo Global Industries Limited,,TEMBO,EQ,INE869Y01028,NSE
Tenneco Clean Air India Limited,Automobile and Auto Components,TENNIND,EQ,INE19RI01016,NSE
Tera Software Limited,,TERASOFT,EQ,INE482B01010,NSE
Texmaco Infrastructure & Holdings Limited,,TEXINFRA,EQ,INE435C01024,NSE
Texmo Pipes and Products Limited,,TEXMOPIPES,EQ,INE141K01013,NSE
Texmaco Rail & Engineering Limited,,TEXRAIL,EQ,INE621L01012,NSE
Tourism Finance Corporation of India Limited,,TFCILTD,EQ,INE305A01023,NSE
Transwarranty Finance Limited,,TFL,EQ,INE804H01012,NSE
TGB Banquets And Hotels Limited,,TGBHOTELS,EQ,INE797H01018,NSE
Thakkers Developers Limited,,THAKDEV,EQ,INE403F01017,NSE
Thangamayil Jewellery Limited,,THANGAMAYL,EQ,INE085J01014,NSE
The Investment Trust Of India Limited,,THEINVEST,EQ,INE924D01017,NSE
Thejo Engineering Limited,,THEJO,EQ,INE121N01019,NSE
Leela Palaces Hotels & Resorts Limited,Consumer Services,THELEELA,EQ,INE0AQ201015,NSE
Themis Medicare Limited,,THEMISMED,EQ,INE083B01024,NSE
Thermax Limited,Capital Goods,THERMAX,EQ,INE152A01029,NSE
Thomas Cook  (India)  Limited,,THOMASCOOK,EQ,INE332A01027,NSE
Thomas Scott (India) Limited,,THOMASCOTT,EQ,INE480M01011,NSE
Thyrocare Technologies Limited,,THYROCARE,EQ,INE594H01019,NSE
Tilaknagar Industries Limited,,TI,EQ,INE133E01013,NSE
Technocraft Industries (India) Limited,,TIIL,EQ,INE545H01011,NSE
Tube Investments of India Limited,Automobile and Auto Components,TIINDIA,EQ,INE974X01010,NSE
Tijaria Polypipes Limited,,TIJARIA,EQ,INE440L01017,NSE
Time Technoplast Limited,,TIMETECHNO,EQ,INE508G01029,NSE
Timex Group India Limited,,TIMEX,EQ,INE064A01026,NSE
Timken India Limited,Capital Goods,TIMKEN,EQ,INE325A01013,NSE
Tinna Rubber and Infrastructure Limited,,TINNARUBR,EQ,INE015C01016,NSE
Tips Films Limited,,TIPSFILMS,EQ,INE0LQS01015,NSE
Tips Music Limited,,TIPSMUSIC,EQ,INE716B01029,NSE
Thirumalai Chemicals Limited,,TIRUMALCHM,EQ,INE338A01024,NSE
TITAGARH RAIL SYSTEMS LIMITED,Capital Goods,TITAGARH,EQ,INE615H01020,NSE
Titan Company Limited,Consumer Durables,TITAN,EQ,INE280A01028,NSE
Tamilnad Mercantile Bank Limited,,TMB,EQ,INE668A01016,NSE
Tata Motors Limited,Capital Goods,TMCV,EQ,INE1TAE01010,NSE
Tata Motors Passenger Vehicles Limited,Automobile and Auto Components,TMPV,EQ,INE155A01022,NSE
Tamilnadu PetroProducts Limited,,TNPETRO,EQ,INE148A01019,NSE
Tamil Nadu Newsprint & Papers Limited,,TNPL,EQ,INE107A01015,NSE
Tamilnadu Telecommunication Limited,,TNTELE,EQ,INE141D01018,NSE
Tokyo Plast International Limited,,TOKYOPLAST,EQ,INE932C01012,NSE
Tolins Tyres Limited,,TOLINS,EQ,INE0RWQ01014,NSE
Torrent Pharmaceuticals Limited,Healthcare,TORNTPHARM,EQ,INE685A01028,NSE
Torrent Power Limited,Power,TORNTPOWER,EQ,INE813H01021,NSE
Total Transport Systems Limited,,TOTAL,EQ,INE336X01012,NSE
Touchwood Entertainment Limited,,TOUCHWOOD,EQ,INE486Y01013,NSE
Teamo Productions HQ Limited,,TPHQ,EQ,INE065J01024,NSE
TPL Plastech Limited,,TPLPLASTEH,EQ,INE413G01022,NSE
Tracxn Technologies Limited,,TRACXN,EQ,INE0HMF01019,NSE
Transrail Lighting Limited,,TRANSRAILL,EQ,INE454P01035,NSE
Travel Food Services Limited,Consumer Services,TRAVELFOOD,EQ,INE103V01028,NSE
Tree House Education & Accessories Limited,,TREEHOUSE,EQ,INE040M01013,NSE
TREJHARA SOLUTIONS LIMITED,,TREJHARA,EQ,INE00CA01015,NSE
Transindia Real Estate Limited,,TREL,EQ,INE0O3901029,NSE
Trent Limited,Consumer Services,TRENT,EQ,INE849A01020,NSE
TRF Limited,,TRF,EQ,INE391D01019,NSE
Trident Limited,Textiles,TRIDENT,EQ,INE064C01022,NSE
Trigyn Technologies Limited,,TRIGYN,EQ,INE948A01012,NSE
Triveni Turbine Limited,Capital Goods,TRITURBINE,EQ,INE152M01016,NSE
Triveni Engineering & Industries Limited,,TRIVENI,EQ,INE256C01024,NSE
TruCap Finance Limited,,TRU,EQ,INE615R01029,NSE
TruAlt Bioenergy Limited,,TRUALT,EQ,INE0MWH01014,NSE
TSF INVESTMENTS LIMITED,,TSFINV,EQ,INE202Z01029,NSE
TTK Healthcare Limited,,TTKHLTCARE,EQ,INE910C01018,NSE
TTK Prestige Limited,,TTKPRESTIG,EQ,INE690A01028,NSE
T T Limited,,TTL,EQ,INE592B01024,NSE
Tata Teleservices (Maharashtra) Limited,Telecommunication,TTML,EQ,INE517B01013,NSE
Turtlemint Fintech Solutions Limited,,TURTLEMINT,EQ,INE0OC301013,NSE
TVS Electronics Limited,,TVSELECT,EQ,INE236G01019,NSE
TVS Holdings Limited,,TVSHLTD,EQ,INE105A01035,NSE
TVS Motor Company Limited,Automobile and Auto Components,TVSMOTOR,EQ,INE494B01023,NSE
TVS Supply Chain Solutions Limited,,TVSSCS,EQ,INE395N01027,NSE
TVS Srichakra Limited,,TVSSRICHAK,EQ,INE421C01016,NSE
TV Today Network Limited,,TVTODAY,EQ,INE038F01029,NSE
United Breweries Limited,Fast Moving Consumer Goods,UBL,EQ,INE686F01025,NSE
UCAL LIMITED,,UCAL,EQ,INE139B01016,NSE
UCO Bank,Financial Services,UCOBANK,EQ,INE691A01018,NSE
Updater Services Limited,,UDS,EQ,INE851I01011,NSE
Ujaas Energy Limited,,UEL,EQ,INE899L01030,NSE
UFLEX Limited,,UFLEX,EQ,INE516A01017,NSE
UFO Moviez India Limited,,UFO,EQ,INE527H01019,NSE
The Ugar Sugar Works Limited,,UGARSUGAR,EQ,INE071E01023,NSE
Ugro Capital Limited,,UGROCAP,EQ,INE583D01011,NSE
Ujjivan Small Finance Bank Limited,,UJJIVANSFB,EQ,INE551W01018,NSE
UltraTech Cement Limited,Construction Materials,ULTRACEMCO,EQ,INE481G01011,NSE
Ultramarine & Pigments Limited,,ULTRAMAR,EQ,INE405A01021,NSE
Usha Martin Education & Solutions Limited,,UMESLTD,EQ,INE240C01028,NSE
UMIYA BUILDCON LIMITED,,UMIYA-MRO,EQ,INE398B01018,NSE
Unichem Laboratories Limited,,UNICHEMLAB,EQ,INE351A01035,NSE
Unicommerce Esolutions Limited,,UNIECOM,EQ,INE00U401027,NSE
Uniphos Enterprises Limited,,UNIENTER,EQ,INE037A01022,NSE
Uniinfo Telecom Services Limited,,UNIINFO,EQ,INE481Z01011,NSE
Unimech Aerospace and Manufacturing Limited,,UNIMECH,EQ,INE0U3I01011,NSE
Union Bank of India,Financial Services,UNIONBANK,EQ,INE692A01016,NSE
Uniparts India Limited,,UNIPARTS,EQ,INE244O01017,NSE
United Spirits Limited,Fast Moving Consumer Goods,UNITDSPR,EQ,INE854D01024,NSE
Unitech Limited,,UNITECH,EQ,INE694A01020,NSE
The United Nilgiri Tea Estates Company Limited,,UNITEDTEA,EQ,INE458F01011,NSE
Universal Cables Limited,,UNIVCABLES,EQ,INE279A01012,NSE
UNO Minda Limited,Automobile and Auto Components,UNOMINDA,EQ,INE405E01023,NSE
UPL Limited,Chemicals,UPL,EQ,INE628A01036,NSE
Urban Company Limited,Consumer Services,URBANCO,EQ,INE0CAZ01013,NSE
Urja Global Limited,,URJA,EQ,INE550C01020,NSE
Usha Martin Limited,Capital Goods,USHAMART,EQ,INE228A01035,NSE
Udayshivakumar Infra Limited,,USK,EQ,INE0N0Y01013,NSE
UTI Asset Management Company Limited,Financial Services,UTIAMC,EQ,INE094J01016,NSE
Utkarsh Small Finance Bank Limited,,UTKARSHBNK,EQ,INE735W01017,NSE
Fujiyama Power Systems Limited,,UTLSOLAR,EQ,INE12UR01024,NSE
Uttam Sugar Mills Limited,,UTTAMSUGAR,EQ,INE786F01031,NSE
V2 Retail Limited,,V2RETAIL,EQ,INE945H01021,NSE
Vadilal Industries Limited,,VADILALIND,EQ,INE694D01016,NSE
Vaibhav Global Limited,,VAIBHAVGBL,EQ,INE884A01027,NSE
Vaishali Pharma Limited,,VAISHALI,EQ,INE972X01022,NSE
Vakrangee Limited,,VAKRANGEE,EQ,INE051B01021,NSE
Valiant Laboratories Limited,,VALIANTLAB,EQ,INE0JWS01017,NSE
Vedanta Aluminium Metal Limited,,VAML,EQ,INE1CDF01017,NSE
Vardhman Polytex Limited,,VARDMNPOLY,EQ,INE835A01029,NSE
Varroc Engineering Limited,,VARROC,EQ,INE665L01035,NSE
Vascon Engineers Limited,,VASCONEQ,EQ,INE893I01013,NSE
Vaswani Industries Limited,,VASWANI,EQ,INE590L01019,NSE
Varun Beverages Limited,Fast Moving Consumer Goods,VBL,EQ,INE200M01039,NSE
Vaxtex Cotfab Limited,,VCL,EQ,INE098201036,NSE
Vedanta Limited,Metals & Mining,VEDL,EQ,INE205A01025,NSE
Vedanta Power Limited,,VEDPOWER,EQ,INE694L01019,NSE
Veedol Corporation Limited,,VEEDOL,EQ,INE484C01030,NSE
Venky's (India) Limited,,VENKEYS,EQ,INE398A01010,NSE
Ventive Hospitality Limited,,VENTIVE,EQ,INE781S01027,NSE
Venus Pipes & Tubes Limited,,VENUSPIPES,EQ,INE0JA001018,NSE
Veranda Learning Solutions Limited,,VERANDA,EQ,INE0IQ001011,NSE
Vesuvius India Limited,,VESUVIUS,EQ,INE386A01023,NSE
VARVEE GLOBAL LIMITED,,VGL,EQ,INE273D01027,NSE
V-Guard Industries Limited,,VGUARD,EQ,INE951I01027,NSE
Vardhman Holdings Limited,,VHL,EQ,INE701A01023,NSE
Vidhi Specialty Food Ingredients Limited,,VIDHIING,EQ,INE632C01026,NSE
Vidya Wires Limited,,VIDYAWIRES,EQ,INE14UN01029,NSE
Vijaya Diagnostic Centre Limited,Healthcare,VIJAYA,EQ,INE043W01024,NSE
Vikas EcoTech Limited,,VIKASECO,EQ,INE806A01020,NSE
Vikas Lifecare Limited,,VIKASLIFE,EQ,INE161L01027,NSE
Vikram Solar Limited,,VIKRAMSOLR,EQ,INE078V01014,NSE
Vikran Engineering Limited,,VIKRAN,EQ,INE01R501028,NSE
Vimta Labs Limited,,VIMTALABS,EQ,INE579C01029,NSE
Vinati Organics Limited,,VINATIORGA,EQ,INE410B01037,NSE
Vintage Coffee And Beverages Limited,,VINCOFE,EQ,INE498Q01014,NSE
Vindhya Telelinks Limited,,VINDHYATEL,EQ,INE707A01012,NSE
Vineet Laboratories Limited,,VINEETLAB,EQ,INE505Y01010,NSE
Vinny Overseas Limited,,VINNY,EQ,INE01KI01027,NSE
Vinyl Chemicals (India) Limited,,VINYLINDIA,EQ,INE250B01029,NSE
VIP Industries Limited,,VIPIND,EQ,INE054A01027,NSE
Virinchi Limited,,VIRINCHI,EQ,INE539B01017,NSE
Visaka Industries Limited,,VISAKAIND,EQ,INE392A01021,NSE
Vishnu Chemicals Limited,,VISHNU,EQ,INE270I01022,NSE
Vishwaraj Sugar Industries Limited,,VISHWARAJ,EQ,INE430N01022,NSE
Vedanta Iron and Steel Limited,,VISL,EQ,INE1CLE01013,NSE
Visagar Polytex Limited,,VIVIDHA,EQ,INE370E01029,NSE
Viyash Scientific Limited,,VIYASH,EQ,INE807F01027,NSE
VLS Finance Limited,,VLSFINANCE,EQ,INE709A01018,NSE
V-Mart Retail Limited,,VMART,EQ,INE665J01013,NSE
Vishal Mega Mart Limited,Consumer Services,VMM,EQ,INE01EA01019,NSE
VMS TMT Limited,,VMSTMT,EQ,INE0SJA01013,NSE
Virtuoso Optoelectronics Limited,,VOEPL,EQ,INE0I0T01010,NSE
Vedanta Oil and Gas Limited,,VOGL,EQ,INE704J01044,NSE
Voltamp Transformers Limited,,VOLTAMP,EQ,INE540H01012,NSE
Voltas Limited,Consumer Durables,VOLTAS,EQ,INE226A01021,NSE
Vishnu Prakash R Punglia Limited,,VPRPL,EQ,INE0AE001013,NSE
Vraj Iron and Steel Limited,,VRAJ,EQ,INE0S2V01010,NSE
VRL Logistics Limited,,VRLLOG,EQ,INE366I01010,NSE
Vardhman Special Steels Limited,,VSSL,EQ,INE050M01012,NSE
VST Industries Limited,,VSTIND,EQ,INE710A01016,NSE
Vibhor Steel Tubes Limited,,VSTL,EQ,INE0QTF01015,NSE
V.S.T Tillers Tractors Limited,,VSTTILLERS,EQ,INE764D01017,NSE
Vardhman Textiles Limited,Textiles,VTL,EQ,INE825A01020,NSE
Waaree Energies Limited,Capital Goods,WAAREEENER,EQ,INE377N01017,NSE
Indosolar Limited,,WAAREEINDO,EQ,INE866K01023,NSE
Waaree Renewable Technologies Limited,,WAAREERTL,EQ,INE299N01021,NSE
VA Tech Wabag Limited,,WABAG,EQ,INE956G01038,NSE
Wakefit Innovations Limited,,WAKEFIT,EQ,INE0E7301029,NSE
Walchandnagar Industries Limited,,WALCHANNAG,EQ,INE711A01022,NSE
Wanbury Limited,,WANBURY,EQ,INE107F01022,NSE
Western Carriers (India) Limited,,WCIL,EQ,INE0CJF01024,NSE
Wealth First Portfolio Managers Limited,,WEALTH,EQ,INE658T01017,NSE
Websol Energy System Limited,,WEBELSOLAR,EQ,INE855C01023,NSE
Weizmann Limited,,WEIZMANIND,EQ,INE080A01014,NSE
Wonder Electricals Limited,,WEL,EQ,INE02WG01024,NSE
Welspun Corp Limited,Capital Goods,WELCORP,EQ,INE191B01025,NSE
Welspun Enterprises Limited,,WELENT,EQ,INE625G01013,NSE
Welspun Specialty Solutions Limited,,WELSPLSOL,EQ,INE731F01037,NSE
Welspun Living Limited,Textiles,WELSPUNLIV,EQ,INE192B01031,NSE
Wendt (India) Limited,,WENDT,EQ,INE274C01019,NSE
WESTLIFE FOODWORLD LIMITED,,WESTLIFE,EQ,INE274F01020,NSE
WeWork India Management Limited,,WEWORK,EQ,INE085001019,NSE
Wheels India Limited,,WHEELS,EQ,INE715A01015,NSE
Whirlpool of India Limited,Consumer Durables,WHIRLPOOL,EQ,INE716A01013,NSE
Williamson Magor & Company Limited,,WILLAMAGOR,EQ,INE210A01017,NSE
Windlas Biotech Limited,,WINDLAS,EQ,INE0H5O01029,NSE
Windsor Machines Limited,,WINDMACHIN,EQ,INE052A01021,NSE
The Western India Plywoods Limited,,WIPL,EQ,INE215F01023,NSE
Wipro Limited,Information Technology,WIPRO,EQ,INE075A01022,NSE
Wockhardt Limited,Healthcare,WOCKPHARMA,EQ,INE049B01025,NSE
Wonderla Holidays Limited,,WONDERLA,EQ,INE066O01014,NSE
Worth Peripherals Limited,,WORTHPERI,EQ,INE196Y01018,NSE
WPIL Limited,,WPIL,EQ,INE765D01022,NSE
W S Industries (I) Limited,,WSI,EQ,INE100D01014,NSE
West Coast Paper Mills Limited,,WSTCSTPAPR,EQ,INE976A01021,NSE
Xchanging Solutions Limited,,XCHANGING,EQ,INE692G01013,NSE
Xelpmoc Design And Tech Limited,,XELPMOC,EQ,INE01P501012,NSE
Xpro India Limited,,XPROINDIA,EQ,INE445C01015,NSE
Xtglobal Infotech Limited,,XTGLOBAL,EQ,INE547B01028,NSE
Xtranet Technologies Limited,,XTRANET,EQ,INE0NG701011,NSE
Yasho Industries Limited,,YASHO,EQ,INE616Z01012,NSE
Yatharth Hospital & Trauma Care Services Limited,,YATHARTH,EQ,INE0JO301016,NSE
Yatra Online Limited,,YATRA,EQ,INE0JR601024,NSE
Yes Bank Limited,Financial Services,YESBANK,EQ,INE528G01035,NSE
Yuken India Limited,,YUKEN,EQ,INE384C01016,NSE
Zaggle Prepaid Ocean Services Limited,,ZAGGLE,EQ,INE07K301024,NSE
Zee Entertainment Enterprises Limited,Media Entertainment & Publication,ZEEL,EQ,INE256A01028,NSE
Zee Media Corporation Limited,,ZEEMEDIA,EQ,INE966H01019,NSE
Zenith Exports Limited,,ZENITHEXPO,EQ,INE058B01018,NSE
Zenith Steel Pipes & Industries Limited,,ZENITHSTL,EQ,INE318D01020,NSE
Zensar Technologies Limited,Information Technology,ZENSARTECH,EQ,INE520A01027,NSE
Zen Technologies Limited,Capital Goods,ZENTEC,EQ,INE251B01027,NSE
ZF Commercial Vehicle Control Systems India Limited,Automobile and Auto Components,ZFCVINDIA,EQ,INE342J01019,NSE
ZF Steering Gear (India) Limited,,ZFSTEERING,EQ,INE116C01012,NSE
Zodiac Energy Limited,,ZODIAC,EQ,INE761Y01019,NSE
Zodiac Clothing Company Limited,,ZODIACLOTH,EQ,INE206B01013,NSE
Zota Health Care LImited,,ZOTA,EQ,INE358U01012,NSE
Saraswati Commercial India Limited,,ZSARACOM,EQ,INE967G01019,NSE
Zuari Agro Chemicals Limited,,ZUARI,EQ,INE840M01016,NSE
ZUARI INDUSTRIES LIMITED,,ZUARIIND,EQ,INE217A01012,NSE
Zydus Lifesciences Limited,Healthcare,ZYDUSLIFE,EQ,INE010B01027,NSE
Zydus Wellness Limited,Fast Moving Consumer Goods,ZYDUSWELL,EQ,INE768C01028,NSE
